{"spin_data":[{"delta_spin":{"x":0,"y":0,"z":0},"spin":{"x":0,"y":0,"z":0},"time":0},{"delta_spin":{"x":0,"y":0,"z":0},"spin":{"x":0,"y":0,"z":0},"time":0.1},{"delta_spin":{"x":0,"y":0,"z":0},"spin":{"x":0,"y":0,"z":0},"time":0.2},{"delta_spin":{"x":0,"y":0,"z":0},"spin":{"x":0,"y":0,"z":0},"time":0.3},{"delta_spin":{"x":0,"y":0,"z":0},"spin":{"x":0,"y":0,"z":0},"time":0.4},{"delta_spin":{"x":0,"y":0,"z":0},"spin":{"x":0,"y":0,"z":0},"time":0.5},{"delta_spin":{"x":0,"y":0,"z":0},"spin":{"x":0,"y":0,"z":0},"time":0.6},{"delta_spin":{"x":0,"y":0,"z":0},"spin":{"x":0,"y":0,"z":0},"time":0.7},{"delta_spin":{"x":0,"y":0,"z":0},"spin":{"x":0,"y":0,"z":0},"time":0.8},{"delta_spin":{"x":0,"y":0,"z":0},"spin":{"x":0,"y":0,"z":0},"time":0.9},{"delta_spin":{"x":0,"y":0,"z":0},"spin":{"x":0,"y":0,"z":0},"time":1},{"delta_spin":{"x":0,"y":0,"z":0},"spin":{"x":0,"y":0,"z":0},"time":1.1},{"delta_spin":{"x":0,"y":0,"z":0},"spin":{"x":0,"y":0,"z":0},"time":1.2},{"delta_spin":{"x":0,"y":0,"z":0},"spin":{"x":0,"y":0,"z":0},"time":1.3},{"delta_spin":{"x":0,"y":0,"z":0},"spin":{"x":0,"y":0,"z":0},"time":1.4},{"delta_spin":{"x":0,"y":0,"z":0},"spin":{"x":0,"y":0,"z":0},"time":1.5},{"delta_spin":{"x":0,"y":0,"z":0},"spin":{"x":0,"y":0,"z":0},"time":1.6},{"delta_spin":{"x":0,"y":0,"z":0},"spin":{"x":0,"y":0,"z":0},"time":1.7},{"delta_spin":{"x":0,"y":0,"z":0},"spin":{"x":0,"y":0,"z":0},"time":1.8},{"delta_spin":{"x":0,"y":0,"z":0},"spin":{"x":0,"y":0,"z":0},"time":1.9},{"delta_spin":{"x":0,"y":0,"z":0},"spin":{"x":0,"y":0,"z":0},"time":2},{"delta_spin":{"x":0,"y":0,"z":0},"spin":{"x":0,"y":0,"z":0},"time":2.1},{"delta_spin":{"x":0,"y":0,"z":0},"spin":{"x":0,"y":0,"z":0},"time":2.2},{"delta_spin":{"x":0,"y":0,"z":0},"spin":{"x":0,"y":0,"z":0},"time":2.3},{"delta_spin":{"x":0,"y":0,"z":0},"spin":{"x":0,"y":0,"z":0},"time":2.4},{"delta_spin":{"x":0,"y":0,"z":0},"spin":{"x":0,"y":0,"z":0},"time":2.5},{"delta_spin":{"x":0,"y":0,"z":0},"spin":{"x":0,"y":0,"z":0},"time":2.6},{"delta_spin":{"x":0,"y":0,"z":0},"spin":{"x":0,"y":0,"z":0},"time":2.7},{"delta_spin":{"x":0,"y":0,"z":0},"spin":{"x":0,"y":0,"z":0},"time":2.8},{"delta_spin":{"x":0,"y":0,"z":0},"spin":{"x":0,"y":0,"z":0},"time":2.9},{"delta_spin":{"x":0,"y":0,"z":0},"spin":{"x":0,"y":0,"z":0},"time":3},{"delta_spin":{"x":0,"y":0,"z":0},"spin":{"x":0,"y":0,"z":0},"time":3.1},{"delta_spin":{"x":0,"y":0,"z":0},"spin":{"x":0,"y":0,"z":0},"time":3.2},{"delta_spin":{"x":0,"y":0,"z":0},"spin":{"x":0,"y":0,"z":0},"time":3.3},{"delta_spin":{"x":0,"y":0,"z":0},"spin":{"x":0,"y":0,"z":0},"time":3.4},{"delta_spin":{"x":0,"y":0,"z":0},"spin":{"x":0,"y":0,"z":0},"time":3.5},{"delta_spin":{"x":0,"y":0,"z":0},"spin":{"x":0,"y":0,"z":0},"time":3.6},{"delta_spin":{"x":0,"y":0,"z":0},"spin":{"x":0,"y":0,"z":0},"time":3.7},{"delta_spin":{"x":0,"y":0,"z":0},"spin":{"x":0,"y":0,"z":0},"time":3.8},{"delta_spin":{"x":0,"y":0,"z":0},"spin":{"x":0,"y":0,"z":0},"time":3.9},{"delta_spin":{"x":0,"y":0,"z":0},"spin":{"x":0,"y":0,"z":0},"time":4},{"delta_spin":{"x":0,"y":0,"z":0},"spin":{"x":0,"y":0,"z":0},"time":4.1},{"delta_spin":{"x":0,"y":0,"z":0},"spin":{"x":0,"y":0,"z":0},"time":4.2},{"delta_spin":{"x":0,"y":0,"z":0},"spin":{"x":0,"y":0,"z":0},"time":4.3},{"delta_spin":{"x":0,"y":0,"z":0},"spin":{"x":0,"y":0,"z":0},"time":4.4},{"delta_spin":{"x":0,"y":0,"z":0},"spin":{"x":0,"y":0,"z":0},"time":4.5},{"delta_spin":{"x":0,"y":0,"z":0},"spin":{"x":0,"y":0,"z":0},"time":4.6},{"delta_spin":{"x":0,"y":0,"z":0},"spin":{"x":0,"y":0,"z":0},"time":4.7},{"delta_spin":{"x":0,"y":0,"z":0},"spin":{"x":0,"y":0,"z":0},"time":4.8},{"delta_spin":{"x":0,"y":0,"z":0},"spin":{"x":0,"y":0,"z":0},"time":4.9},{"delta_spin":{"x":0,"y":0,"z":0},"spin":{"x":0,"y":0,"z":0},"time":5}],"velocity_data":[{"delta_velocity":{"x":0,"y":0,"z":0},"time":0,"velocity":{"x":0,"y":9.19999980926514,"z":-920}},{"delta_velocity":{"x":0,"y":0.998715400695801,"z":-1.9830322265625},"time":0.1,"velocity":{"x":0,"y":8.20128440856934,"z":-918.0169677734375}},{"delta_velocity":{"x":0,"y":2.0156774520874,"z":-7.8978271484375},"time":0.2,"velocity":{"x":0,"y":6.18560695648193,"z":-910.119140625}},{"delta_velocity":{"x":0,"y":3.00522661209106,"z":-17.4654541015625},"time":0.3,"velocity":{"x":0,"y":3.18038034439087,"z":-892.6536865234375}},{"delta_velocity":{"x":0,"y":3.89911770820618,"z":-29.86920166015625},"time":0.4,"velocity":{"x":0,"y":-0.71873730421066,"z":-862.78448486328125}},{"delta_velocity":{"x":0,"y":4.62080669403076,"z":-43.60052490234375},"time":0.5,"velocity":{"x":0,"y":-5.33954381942749,"z":-819.1839599609375}},{"delta_velocity":{"x":0,"y":5.11034345626831,"z":-56.60357666015625},"time":0.6,"velocity":{"x":0,"y":-10.4498872756958,"z":-762.58038330078125}},{"delta_velocity":{"x":0,"y":5.3506441116333,"z":-66.77545166015625},"time":0.7,"velocity":{"x":0,"y":-15.8005313873291,"z":-695.804931640625}},{"delta_velocity":{"x":0,"y":5.37934684753418,"z":-72.634521484375},"time":0.8,"velocity":{"x":0,"y":-21.17987823486328,"z":-623.17041015625}},{"delta_velocity":{"x":0,"y":5.27610778808594,"z":-73.78009033203125},"time":0.9,"velocity":{"x":0,"y":-26.45598602294922,"z":-549.39031982421875}},{"delta_velocity":{"x":0,"y":5.13198089599609,"z":-70.866943359375},"time":1,"velocity":{"x":0,"y":-31.58796691894531,"z":-478.52337646484375}},{"delta_velocity":{"x":0,"y":5.01970672607422,"z":-65.16671752929688},"time":1.1,"velocity":{"x":0,"y":-36.60767364501953,"z":-413.35665893554688}},{"delta_velocity":{"x":0,"y":4.97930145263672,"z":-58.03692626953125},"time":1.2,"velocity":{"x":0,"y":-41.58697509765625,"z":-355.31973266601562}},{"delta_velocity":{"x":0,"y":5.01937103271484,"z":-50.56884765625},"time":1.3,"velocity":{"x":0,"y":-46.60634613037109,"z":-304.75088500976562}},{"delta_velocity":{"x":0,"y":5.1261100769043,"z":-43.47442626953125},"time":1.4,"velocity":{"x":0,"y":-51.73245620727539,"z":-261.27645874023438}},{"delta_velocity":{"x":0,"y":5.27204513549805,"z":-37.13040161132812},"time":1.5,"velocity":{"x":0,"y":-57.00450134277344,"z":-224.14605712890625}},{"delta_velocity":{"x":0,"y":5.42136383056641,"z":-31.67816162109375},"time":1.6,"velocity":{"x":0,"y":-62.42586517333984,"z":-192.4678955078125}},{"delta_velocity":{"x":0,"y":5.53207397460938,"z":-27.11711120605469},"time":1.7,"velocity":{"x":0,"y":-67.95793914794922,"z":-165.35078430175781}},{"delta_velocity":{"x":0,"y":5.55702972412109,"z":-23.37069702148438},"time":1.8,"velocity":{"x":0,"y":-73.51496887207031,"z":-141.98008728027344}},{"delta_velocity":{"x":0,"y":5.44651794433594,"z":-20.32543182373047},"time":1.9,"velocity":{"x":0,"y":-78.96148681640625,"z":-121.65465545654297}},{"delta_velocity":{"x":0,"y":5.15438842773438,"z":-17.851318359375},"time":2,"velocity":{"x":0,"y":-84.11587524414062,"z":-103.80333709716797}},{"delta_velocity":{"x":0,"y":4.64844512939453,"z":-15.81338500976562},"time":2.1,"velocity":{"x":0,"y":-88.76432037353516,"z":-87.98995208740234}},{"delta_velocity":{"x":0,"y":3.92285919189453,"z":-14.08136749267578},"time":2.2,"velocity":{"x":0,"y":-92.68717956542969,"z":-73.90858459472656}},{"delta_velocity":{"x":0,"y":3.00707244873047,"z":-12.54098892211914},"time":2.3,"velocity":{"x":0,"y":-95.69425201416016,"z":-61.36759567260742}},{"delta_velocity":{"x":0,"y":1.96577453613281,"z":-11.10552978515625},"time":2.4,"velocity":{"x":0,"y":-97.66002655029297,"z":-50.26206588745117}},{"delta_velocity":{"x":0,"y":0.887519836425781,"z":-9.72351837158203},"time":2.5,"velocity":{"x":0,"y":-98.54754638671875,"z":-40.53854751586914}},{"delta_velocity":{"x":0,"y":-0.13497924804688,"z":-8.37902450561523},"time":2.6,"velocity":{"x":0,"y":-98.41256713867188,"z":-32.15952301025391}},{"delta_velocity":{"x":0,"y":-1.02525329589844,"z":-7.08393859863281},"time":2.7,"velocity":{"x":0,"y":-97.38731384277344,"z":-25.07558441162109}},{"delta_velocity":{"x":0,"y":-1.73680877685547,"z":-5.86540985107422},"time":2.8,"velocity":{"x":0,"y":-95.65050506591797,"z":-19.21017456054688}},{"delta_velocity":{"x":0,"y":-2.25646209716797,"z":-4.753098487854},"time":2.9,"velocity":{"x":0,"y":-93.39404296875,"z":-14.45707607269287}},{"delta_velocity":{"x":0,"y":-2.59835815429688,"z":-3.76991653442383},"time":3,"velocity":{"x":0,"y":-90.79568481445312,"z":-10.68715953826904}},{"delta_velocity":{"x":0,"y":-2.79341125488281,"z":-2.92773294448853},"time":3.1,"velocity":{"x":0,"y":-88.00227355957031,"z":-7.75942659378052}},{"delta_velocity":{"x":0,"y":-2.87844848632812,"z":-2.22723388671875},"time":3.2,"velocity":{"x":0,"y":-85.12382507324219,"z":-5.53219270706177}},{"delta_velocity":{"x":0,"y":-2.88831329345703,"z":-1.66023540496826},"time":3.3,"velocity":{"x":0,"y":-82.23551177978516,"z":-3.87195730209351}},{"delta_velocity":{"x":0,"y":-2.85160064697266,"z":-1.21279644966125},"time":3.4,"velocity":{"x":0,"y":-79.3839111328125,"z":-2.65916085243225}},{"delta_velocity":{"x":0,"y":-2.78926086425781,"z":-0.86809968948364},"time":3.5,"velocity":{"x":0,"y":-76.59465026855469,"z":-1.79106116294861}},{"delta_velocity":{"x":0,"y":-2.71528625488281,"z":-0.60866737365723},"time":3.6,"velocity":{"x":0,"y":-73.87936401367188,"z":-1.18239378929138}},{"delta_velocity":{"x":0,"y":-2.63824462890625,"z":-0.41784632205963},"time":3.7,"velocity":{"x":0,"y":-71.24111938476562,"z":-0.76454746723175}},{"delta_velocity":{"x":0,"y":-2.56280517578125,"z":-0.2806895673275},"time":3.8,"velocity":{"x":0,"y":-68.67831420898438,"z":-0.48385789990425}},{"delta_velocity":{"x":0,"y":-2.49120330810547,"z":-0.18438193202019},"time":3.9,"velocity":{"x":0,"y":-66.18711090087891,"z":-0.29947596788406}},{"delta_velocity":{"x":0,"y":-2.42428207397461,"z":-0.11835142970085},"time":4,"velocity":{"x":0,"y":-63.7628288269043,"z":-0.18112453818321}},{"delta_velocity":{"x":0,"y":-2.36211776733398,"z":-0.07417353242636},"time":4.1,"velocity":{"x":0,"y":-61.40071105957031,"z":-0.10695100575686}},{"delta_velocity":{"x":0,"y":-2.30448150634766,"z":-0.0453502908349},"time":4.2,"velocity":{"x":0,"y":-59.09622955322266,"z":-0.06160071492195}},{"delta_velocity":{"x":0,"y":-2.25099182128906,"z":-0.02702593058348},"time":4.3,"velocity":{"x":0,"y":-56.84523773193359,"z":-0.03457478433847}},{"delta_velocity":{"x":0,"y":-2.20123291015625,"z":-0.01568348519504},"time":4.4,"velocity":{"x":0,"y":-54.64400482177734,"z":-0.01889129914343}},{"delta_velocity":{"x":0,"y":-2.15487289428711,"z":-0.00885386671871},"time":4.5,"velocity":{"x":0,"y":-52.48913192749023,"z":-0.01003743242472}},{"delta_velocity":{"x":0,"y":-2.1115608215332,"z":-0.00485727796331},"time":4.6,"velocity":{"x":0,"y":-50.37757110595703,"z":-0.00518015446141}},{"delta_velocity":{"x":0,"y":-2.07101821899414,"z":-0.0025866269134},"time":4.7,"velocity":{"x":0,"y":-48.30655288696289,"z":-0.00259352754802}},{"delta_velocity":{"x":0,"y":-2.03300094604492,"z":-0.00133547117002},"time":4.8,"velocity":{"x":0,"y":-46.27355194091797,"z":-0.00125805637799}},{"delta_velocity":{"x":0,"y":-1.99723815917969,"z":-0.00066763244104},"time":4.9,"velocity":{"x":0,"y":-44.27631378173828,"z":-0.00059042393696}},{"delta_velocity":{"x":0,"y":-1.96357727050781,"z":-0.00032273467514},"time":5,"velocity":{"x":0,"y":-42.31273651123047,"z":-0.00026768926182}}]}