{"spin_data":[{"delta_spin":{"x":0,"y":0,"z":0},"spin":{"x":0,"y":0,"z":0},"time":0},{"delta_spin":{"x":0,"y":0,"z":0},"spin":{"x":0,"y":0,"z":0},"time":0.1},{"delta_spin":{"x":0,"y":0,"z":0},"spin":{"x":0,"y":0,"z":0},"time":0.2},{"delta_spin":{"x":0,"y":0,"z":0},"spin":{"x":0,"y":0,"z":0},"time":0.3},{"delta_spin":{"x":0,"y":0,"z":0},"spin":{"x":0,"y":0,"z":0},"time":0.4},{"delta_spin":{"x":0,"y":0,"z":0},"spin":{"x":0,"y":0,"z":0},"time":0.5},{"delta_spin":{"x":0,"y":0,"z":0},"spin":{"x":0,"y":0,"z":0},"time":0.6},{"delta_spin":{"x":0,"y":0,"z":0},"spin":{"x":0,"y":0,"z":0},"time":0.7},{"delta_spin":{"x":0,"y":0,"z":0},"spin":{"x":0,"y":0,"z":0},"time":0.8},{"delta_spin":{"x":0,"y":0,"z":0},"spin":{"x":0,"y":0,"z":0},"time":0.9},{"delta_spin":{"x":0,"y":0,"z":0},"spin":{"x":0,"y":0,"z":0},"time":1},{"delta_spin":{"x":0,"y":0,"z":0},"spin":{"x":0,"y":0,"z":0},"time":1.1},{"delta_spin":{"x":0,"y":0,"z":0},"spin":{"x":0,"y":0,"z":0},"time":1.2},{"delta_spin":{"x":0,"y":0,"z":0},"spin":{"x":0,"y":0,"z":0},"time":1.3},{"delta_spin":{"x":0,"y":0,"z":0},"spin":{"x":0,"y":0,"z":0},"time":1.4},{"delta_spin":{"x":0,"y":0,"z":0},"spin":{"x":0,"y":0,"z":0},"time":1.5},{"delta_spin":{"x":0,"y":0,"z":0},"spin":{"x":0,"y":0,"z":0},"time":1.6},{"delta_spin":{"x":0,"y":0,"z":0},"spin":{"x":0,"y":0,"z":0},"time":1.7},{"delta_spin":{"x":0,"y":0,"z":0},"spin":{"x":0,"y":0,"z":0},"time":1.8},{"delta_spin":{"x":0,"y":0,"z":0},"spin":{"x":0,"y":0,"z":0},"time":1.9},{"delta_spin":{"x":0,"y":0,"z":0},"spin":{"x":0,"y":0,"z":0},"time":2},{"delta_spin":{"x":0,"y":0,"z":0},"spin":{"x":0,"y":0,"z":0},"time":2.1},{"delta_spin":{"x":0,"y":0,"z":0},"spin":{"x":0,"y":0,"z":0},"time":2.2},{"delta_spin":{"x":0,"y":0,"z":0},"spin":{"x":0,"y":0,"z":0},"time":2.3},{"delta_spin":{"x":0,"y":0,"z":0},"spin":{"x":0,"y":0,"z":0},"time":2.4},{"delta_spin":{"x":0,"y":0,"z":0},"spin":{"x":0,"y":0,"z":0},"time":2.5},{"delta_spin":{"x":0,"y":0,"z":0},"spin":{"x":0,"y":0,"z":0},"time":2.6},{"delta_spin":{"x":0,"y":0,"z":0},"spin":{"x":0,"y":0,"z":0},"time":2.7},{"delta_spin":{"x":0,"y":0,"z":0},"spin":{"x":0,"y":0,"z":0},"time":2.8},{"delta_spin":{"x":0,"y":0,"z":0},"spin":{"x":0,"y":0,"z":0},"time":2.9},{"delta_spin":{"x":0,"y":0,"z":0},"spin":{"x":0,"y":0,"z":0},"time":3},{"delta_spin":{"x":0,"y":0,"z":0},"spin":{"x":0,"y":0,"z":0},"time":3.1},{"delta_spin":{"x":0,"y":0,"z":0},"spin":{"x":0,"y":0,"z":0},"time":3.2},{"delta_spin":{"x":0,"y":0,"z":0},"spin":{"x":0,"y":0,"z":0},"time":3.3},{"delta_spin":{"x":0,"y":0,"z":0},"spin":{"x":0,"y":0,"z":0},"time":3.4},{"delta_spin":{"x":0,"y":0,"z":0},"spin":{"x":0,"y":0,"z":0},"time":3.5},{"delta_spin":{"x":0,"y":0,"z":0},"spin":{"x":0,"y":0,"z":0},"time":3.6},{"delta_spin":{"x":0,"y":0,"z":0},"spin":{"x":0,"y":0,"z":0},"time":3.7},{"delta_spin":{"x":0,"y":0,"z":0},"spin":{"x":0,"y":0,"z":0},"time":3.8},{"delta_spin":{"x":0,"y":0,"z":0},"spin":{"x":0,"y":0,"z":0},"time":3.9},{"delta_spin":{"x":0,"y":0,"z":0},"spin":{"x":0,"y":0,"z":0},"time":4},{"delta_spin":{"x":0,"y":0,"z":0},"spin":{"x":0,"y":0,"z":0},"time":4.1},{"delta_spin":{"x":0,"y":0,"z":0},"spin":{"x":0,"y":0,"z":0},"time":4.2},{"delta_spin":{"x":0,"y":0,"z":0},"spin":{"x":0,"y":0,"z":0},"time":4.3},{"delta_spin":{"x":0,"y":0,"z":0},"spin":{"x":0,"y":0,"z":0},"time":4.4},{"delta_spin":{"x":0,"y":0,"z":0},"spin":{"x":0,"y":0,"z":0},"time":4.5},{"delta_spin":{"x":0,"y":0,"z":0},"spin":{"x":0,"y":0,"z":0},"time":4.6},{"delta_spin":{"x":0,"y":0,"z":0},"spin":{"x":0,"y":0,"z":0},"time":4.7},{"delta_spin":{"x":0,"y":0,"z":0},"spin":{"x":0,"y":0,"z":0},"time":4.8},{"delta_spin":{"x":0,"y":0,"z":0},"spin":{"x":0,"y":0,"z":0},"time":4.9},{"delta_spin":{"x":0,"y":0,"z":0},"spin":{"x":0,"y":0,"z":0},"time":5}],"velocity_data":[{"delta_velocity":{"x":0,"y":0,"z":0},"time":0,"velocity":{"x":0,"y":12.3000001907349,"z":-820}},{"delta_velocity":{"x":0,"y":0.983487129211426,"z":-0.18017578125},"time":0.1,"velocity":{"x":0,"y":11.3165130615234,"z":-819.81982421875}},{"delta_velocity":{"x":0,"y":1.9702205657959,"z":-0.720458984375},"time":0.2,"velocity":{"x":0,"y":9.34629249572754,"z":-819.099365234375}},{"delta_velocity":{"x":0,"y":2.95564937591553,"z":-1.61810302734375},"time":0.3,"velocity":{"x":0,"y":6.39064311981201,"z":-817.48126220703125}},{"delta_velocity":{"x":0,"y":3.93264555931091,"z":-2.865234375},"time":0.4,"velocity":{"x":0,"y":2.4579975605011,"z":-814.61602783203125}},{"delta_velocity":{"x":0,"y":4.89164590835571,"z":-4.44561767578125},"time":0.5,"velocity":{"x":0,"y":-2.43364834785461,"z":-810.17041015625}},{"delta_velocity":{"x":0,"y":5.82097434997559,"z":-6.33233642578125},"time":0.6,"velocity":{"x":0,"y":-8.25462245941162,"z":-803.83807373046875}},{"delta_velocity":{"x":0,"y":6.70736598968506,"z":-8.48583984375},"time":0.7,"velocity":{"x":0,"y":-14.96198844909668,"z":-795.35223388671875}},{"delta_velocity":{"x":0,"y":7.5367374420166,"z":-10.853271484375},"time":0.8,"velocity":{"x":0,"y":-22.49872589111328,"z":-784.49896240234375}},{"delta_velocity":{"x":0,"y":8.29512977600098,"z":-13.3690185546875},"time":0.9,"velocity":{"x":0,"y":-30.79385566711426,"z":-771.12994384765625}},{"delta_velocity":{"x":0,"y":8.96980476379395,"z":-15.95660400390625},"time":1,"velocity":{"x":0,"y":-39.7636604309082,"z":-755.17333984375}},{"delta_velocity":{"x":0,"y":9.55035400390625,"z":-18.532470703125},"time":1.1,"velocity":{"x":0,"y":-49.31401443481445,"z":-736.640869140625}},{"delta_velocity":{"x":0,"y":10.0296630859375,"z":-21.010986328125},"time":1.2,"velocity":{"x":0,"y":-59.34367752075195,"z":-715.6298828125}},{"delta_velocity":{"x":0,"y":10.4046287536621,"z":-23.3099365234375},"time":1.3,"velocity":{"x":0,"y":-69.74830627441406,"z":-692.3199462890625}},{"delta_velocity":{"x":0,"y":10.6764297485352,"z":-25.3564453125},"time":1.4,"velocity":{"x":0,"y":-80.42473602294922,"z":-666.9635009765625}},{"delta_velocity":{"x":0,"y":10.8503952026367,"z":-27.09222412109375},"time":1.5,"velocity":{"x":0,"y":-91.27513122558594,"z":-639.87127685546875}},{"delta_velocity":{"x":0,"y":10.9353179931641,"z":-28.47705078125},"time":1.6,"velocity":{"x":0,"y":-102.21044921875,"z":-611.39422607421875}},{"delta_velocity":{"x":0,"y":10.9424591064453,"z":-29.4906005859375},"time":1.7,"velocity":{"x":0,"y":-113.15290832519531,"z":-581.90362548828125}},{"delta_velocity":{"x":0,"y":10.8842544555664,"z":-30.132568359375},"time":1.8,"velocity":{"x":0,"y":-124.03716278076172,"z":-551.77105712890625}},{"delta_velocity":{"x":0,"y":10.7729568481445,"z":-30.4202880859375},"time":1.9,"velocity":{"x":0,"y":-134.81011962890625,"z":-521.35076904296875}},{"delta_velocity":{"x":0,"y":10.6194458007812,"z":-30.38552856445312},"time":2,"velocity":{"x":0,"y":-145.4295654296875,"z":-490.96524047851562}},{"delta_velocity":{"x":0,"y":10.4320983886719,"z":-30.07025146484375},"time":2.1,"velocity":{"x":0,"y":-155.86166381835938,"z":-460.89498901367188}},{"delta_velocity":{"x":0,"y":10.216064453125,"z":-29.52206420898438},"time":2.2,"velocity":{"x":0,"y":-166.07772827148438,"z":-431.3729248046875}},{"delta_velocity":{"x":0,"y":9.97297668457031,"z":-28.7901611328125},"time":2.3,"velocity":{"x":0,"y":-176.05070495605469,"z":-402.582763671875}},{"delta_velocity":{"x":0,"y":9.70083618164062,"z":-27.92169189453125},"time":2.4,"velocity":{"x":0,"y":-185.75154113769531,"z":-374.66107177734375}},{"delta_velocity":{"x":0,"y":9.3944091796875,"z":-26.958984375},"time":2.5,"velocity":{"x":0,"y":-195.14595031738281,"z":-347.70208740234375}},{"delta_velocity":{"x":0,"y":9.04594421386719,"z":-25.93765258789062},"time":2.6,"velocity":{"x":0,"y":-204.19189453125,"z":-321.76443481445312}},{"delta_velocity":{"x":0,"y":8.64610290527344,"z":-24.88552856445312},"time":2.7,"velocity":{"x":0,"y":-212.83799743652344,"z":-296.87890625}},{"delta_velocity":{"x":0,"y":8.18525695800781,"z":-23.82229614257812},"time":2.8,"velocity":{"x":0,"y":-221.02325439453125,"z":-273.05661010742188}},{"delta_velocity":{"x":0,"y":7.65492248535156,"z":-22.7598876953125},"time":2.9,"velocity":{"x":0,"y":-228.67817687988281,"z":-250.29672241210938}},{"delta_velocity":{"x":0,"y":7.04927062988281,"z":-21.70339965820312},"time":3,"velocity":{"x":0,"y":-235.72744750976562,"z":-228.59332275390625}},{"delta_velocity":{"x":0,"y":6.36643981933594,"z":-20.65251159667969},"time":3.1,"velocity":{"x":0,"y":-242.09388732910156,"z":-207.94081115722656}},{"delta_velocity":{"x":0,"y":5.60966491699219,"z":-19.60321044921875},"time":3.2,"velocity":{"x":0,"y":-247.70355224609375,"z":-188.33760070800781}},{"delta_velocity":{"x":0,"y":4.7877197265625,"z":-18.54972839355469},"time":3.3,"velocity":{"x":0,"y":-252.49127197265625,"z":-169.78787231445312}},{"delta_velocity":{"x":0,"y":3.91494750976562,"z":-17.48635864257812},"time":3.4,"velocity":{"x":0,"y":-256.40621948242188,"z":-152.301513671875}},{"delta_velocity":{"x":0,"y":3.01025390625,"z":-16.40911865234375},"time":3.5,"velocity":{"x":0,"y":-259.41647338867188,"z":-135.89239501953125}},{"delta_velocity":{"x":0,"y":2.09588623046875,"z":-15.31681823730469},"time":3.6,"velocity":{"x":0,"y":-261.51235961914062,"z":-120.57557678222656}},{"delta_velocity":{"x":0,"y":1.1954345703125,"z":-14.21175384521484},"time":3.7,"velocity":{"x":0,"y":-262.70779418945312,"z":-106.36382293701172}},{"delta_velocity":{"x":0,"y":0.332061767578125,"z":-13.09966278076172},"time":3.8,"velocity":{"x":0,"y":-263.03985595703125,"z":-93.26416015625}},{"delta_velocity":{"x":0,"y":-0.4736328125,"z":-11.98931121826172},"time":3.9,"velocity":{"x":0,"y":-262.56622314453125,"z":-81.27484893798828}},{"delta_velocity":{"x":0,"y":-1.20486450195312,"z":-10.89158630371094},"time":4,"velocity":{"x":0,"y":-261.36135864257812,"z":-70.38326263427734}},{"delta_velocity":{"x":0,"y":-1.8497314453125,"z":-9.81846237182617},"time":4.1,"velocity":{"x":0,"y":-259.51162719726562,"z":-60.56480026245117}},{"delta_velocity":{"x":0,"y":-2.40167236328125,"z":-8.78193664550781},"time":4.2,"velocity":{"x":0,"y":-257.10995483398438,"z":-51.78286361694336}},{"delta_velocity":{"x":0,"y":-2.859130859375,"z":-7.79307174682617},"time":4.3,"velocity":{"x":0,"y":-254.25082397460938,"z":-43.98979187011719}},{"delta_velocity":{"x":0,"y":-3.22488403320312,"z":-6.86125183105469},"time":4.4,"velocity":{"x":0,"y":-251.02593994140625,"z":-37.1285400390625}},{"delta_velocity":{"x":0,"y":-3.50526428222656,"z":-5.9937629699707},"time":4.5,"velocity":{"x":0,"y":-247.52067565917969,"z":-31.1347770690918}},{"delta_velocity":{"x":0,"y":-3.708984375,"z":-5.19556999206543},"time":4.6,"velocity":{"x":0,"y":-243.81169128417969,"z":-25.93920707702637}},{"delta_velocity":{"x":0,"y":-3.84622192382812,"z":-4.46934700012207},"time":4.7,"velocity":{"x":0,"y":-239.96546936035156,"z":-21.4698600769043}},{"delta_velocity":{"x":0,"y":-3.92767333984375,"z":-3.81566429138184},"time":4.8,"velocity":{"x":0,"y":-236.03779602050781,"z":-17.65419578552246}},{"delta_velocity":{"x":0,"y":-3.96371459960938,"z":-3.2332763671875},"time":4.9,"velocity":{"x":0,"y":-232.07408142089844,"z":-14.42091941833496}},{"delta_velocity":{"x":0,"y":-3.96403503417969,"z":-2.71947956085205},"time":5,"velocity":{"x":0,"y":-228.11004638671875,"z":-11.70143985748291}}]}