{"spin_data":[{"delta_spin":{"x":0,"y":0,"z":0},"spin":{"x":0,"y":0,"z":0},"time":0},{"delta_spin":{"x":0,"y":0,"z":0},"spin":{"x":0,"y":0,"z":0},"time":0.1},{"delta_spin":{"x":0,"y":0,"z":0},"spin":{"x":0,"y":0,"z":0},"time":0.2},{"delta_spin":{"x":0,"y":0,"z":0},"spin":{"x":0,"y":0,"z":0},"time":0.3},{"delta_spin":{"x":0,"y":0,"z":0},"spin":{"x":0,"y":0,"z":0},"time":0.4},{"delta_spin":{"x":0,"y":0,"z":0},"spin":{"x":0,"y":0,"z":0},"time":0.5},{"delta_spin":{"x":0,"y":0,"z":0},"spin":{"x":0,"y":0,"z":0},"time":0.6},{"delta_spin":{"x":0,"y":0,"z":0},"spin":{"x":0,"y":0,"z":0},"time":0.7},{"delta_spin":{"x":0,"y":0,"z":0},"spin":{"x":0,"y":0,"z":0},"time":0.8},{"delta_spin":{"x":0,"y":0,"z":0},"spin":{"x":0,"y":0,"z":0},"time":0.9},{"delta_spin":{"x":0,"y":0,"z":0},"spin":{"x":0,"y":0,"z":0},"time":1},{"delta_spin":{"x":0,"y":0,"z":0},"spin":{"x":0,"y":0,"z":0},"time":1.1},{"delta_spin":{"x":0,"y":0,"z":0},"spin":{"x":0,"y":0,"z":0},"time":1.2},{"delta_spin":{"x":0,"y":0,"z":0},"spin":{"x":0,"y":0,"z":0},"time":1.3},{"delta_spin":{"x":0,"y":0,"z":0},"spin":{"x":0,"y":0,"z":0},"time":1.4},{"delta_spin":{"x":0,"y":0,"z":0},"spin":{"x":0,"y":0,"z":0},"time":1.5},{"delta_spin":{"x":0,"y":0,"z":0},"spin":{"x":0,"y":0,"z":0},"time":1.6},{"delta_spin":{"x":0,"y":0,"z":0},"spin":{"x":0,"y":0,"z":0},"time":1.7},{"delta_spin":{"x":0,"y":0,"z":0},"spin":{"x":0,"y":0,"z":0},"time":1.8},{"delta_spin":{"x":0,"y":0,"z":0},"spin":{"x":0,"y":0,"z":0},"time":1.9},{"delta_spin":{"x":0,"y":0,"z":0},"spin":{"x":0,"y":0,"z":0},"time":2},{"delta_spin":{"x":0,"y":0,"z":0},"spin":{"x":0,"y":0,"z":0},"time":2.1},{"delta_spin":{"x":0,"y":0,"z":0},"spin":{"x":0,"y":0,"z":0},"time":2.2},{"delta_spin":{"x":0,"y":0,"z":0},"spin":{"x":0,"y":0,"z":0},"time":2.3},{"delta_spin":{"x":0,"y":0,"z":0},"spin":{"x":0,"y":0,"z":0},"time":2.4},{"delta_spin":{"x":0,"y":0,"z":0},"spin":{"x":0,"y":0,"z":0},"time":2.5},{"delta_spin":{"x":0,"y":0,"z":0},"spin":{"x":0,"y":0,"z":0},"time":2.6},{"delta_spin":{"x":0,"y":0,"z":0},"spin":{"x":0,"y":0,"z":0},"time":2.7},{"delta_spin":{"x":0,"y":0,"z":0},"spin":{"x":0,"y":0,"z":0},"time":2.8},{"delta_spin":{"x":0,"y":0,"z":0},"spin":{"x":0,"y":0,"z":0},"time":2.9},{"delta_spin":{"x":0,"y":0,"z":0},"spin":{"x":0,"y":0,"z":0},"time":3},{"delta_spin":{"x":0,"y":0,"z":0},"spin":{"x":0,"y":0,"z":0},"time":3.1},{"delta_spin":{"x":0,"y":0,"z":0},"spin":{"x":0,"y":0,"z":0},"time":3.2},{"delta_spin":{"x":0,"y":0,"z":0},"spin":{"x":0,"y":0,"z":0},"time":3.3},{"delta_spin":{"x":0,"y":0,"z":0},"spin":{"x":0,"y":0,"z":0},"time":3.4},{"delta_spin":{"x":0,"y":0,"z":0},"spin":{"x":0,"y":0,"z":0},"time":3.5},{"delta_spin":{"x":0,"y":0,"z":0},"spin":{"x":0,"y":0,"z":0},"time":3.6},{"delta_spin":{"x":0,"y":0,"z":0},"spin":{"x":0,"y":0,"z":0},"time":3.7},{"delta_spin":{"x":0,"y":0,"z":0},"spin":{"x":0,"y":0,"z":0},"time":3.8},{"delta_spin":{"x":0,"y":0,"z":0},"spin":{"x":0,"y":0,"z":0},"time":3.9},{"delta_spin":{"x":0,"y":0,"z":0},"spin":{"x":0,"y":0,"z":0},"time":4},{"delta_spin":{"x":0,"y":0,"z":0},"spin":{"x":0,"y":0,"z":0},"time":4.1},{"delta_spin":{"x":0,"y":0,"z":0},"spin":{"x":0,"y":0,"z":0},"time":4.2},{"delta_spin":{"x":0,"y":0,"z":0},"spin":{"x":0,"y":0,"z":0},"time":4.3},{"delta_spin":{"x":0,"y":0,"z":0},"spin":{"x":0,"y":0,"z":0},"time":4.4},{"delta_spin":{"x":0,"y":0,"z":0},"spin":{"x":0,"y":0,"z":0},"time":4.5},{"delta_spin":{"x":0,"y":0,"z":0},"spin":{"x":0,"y":0,"z":0},"time":4.6},{"delta_spin":{"x":0,"y":0,"z":0},"spin":{"x":0,"y":0,"z":0},"time":4.7},{"delta_spin":{"x":0,"y":0,"z":0},"spin":{"x":0,"y":0,"z":0},"time":4.8},{"delta_spin":{"x":0,"y":0,"z":0},"spin":{"x":0,"y":0,"z":0},"time":4.9},{"delta_spin":{"x":0,"y":0,"z":0},"spin":{"x":0,"y":0,"z":0},"time":5}],"velocity_data":[{"delta_velocity":{"x":0,"y":0,"z":0},"time":0,"velocity":{"x":0,"y":11.8499994277954,"z":-790}},{"delta_velocity":{"x":0,"y":0.983301162719727,"z":-0.167236328125},"time":0.1,"velocity":{"x":0,"y":10.8666982650757,"z":-789.832763671875}},{"delta_velocity":{"x":0,"y":1.96953868865967,"z":-0.668701171875},"time":0.2,"velocity":{"x":0,"y":8.89715957641602,"z":-789.1640625}},{"delta_velocity":{"x":0,"y":2.95433235168457,"z":-1.50201416015625},"time":0.3,"velocity":{"x":0,"y":5.94282722473145,"z":-787.66204833984375}},{"delta_velocity":{"x":0,"y":3.93081784248352,"z":-2.6600341796875},"time":0.4,"velocity":{"x":0,"y":2.01200938224792,"z":-785.00201416015625}},{"delta_velocity":{"x":0,"y":4.88978576660156,"z":-4.1282958984375},"time":0.5,"velocity":{"x":0,"y":-2.87777662277222,"z":-780.87371826171875}},{"delta_velocity":{"x":0,"y":5.8199782371521,"z":-5.8826904296875},"time":0.6,"velocity":{"x":0,"y":-8.69775485992432,"z":-774.99102783203125}},{"delta_velocity":{"x":0,"y":6.70858097076416,"z":-7.88787841796875},"time":0.7,"velocity":{"x":0,"y":-15.40633583068848,"z":-767.1031494140625}},{"delta_velocity":{"x":0,"y":7.54192924499512,"z":-10.09649658203125},"time":0.8,"velocity":{"x":0,"y":-22.94826507568359,"z":-757.00665283203125}},{"delta_velocity":{"x":0,"y":8.3064022064209,"z":-12.449462890625},"time":0.9,"velocity":{"x":0,"y":-31.25466728210449,"z":-744.55718994140625}},{"delta_velocity":{"x":0,"y":8.98943901062012,"z":-14.8778076171875},"time":1,"velocity":{"x":0,"y":-40.24410629272461,"z":-729.67938232421875}},{"delta_velocity":{"x":0,"y":9.58059692382812,"z":-17.30584716796875},"time":1.1,"velocity":{"x":0,"y":-49.82470321655273,"z":-712.37353515625}},{"delta_velocity":{"x":0,"y":10.0724678039551,"z":-19.6552734375},"time":1.2,"velocity":{"x":0,"y":-59.89717102050781,"z":-692.71826171875}},{"delta_velocity":{"x":0,"y":10.4613952636719,"z":-21.85040283203125},"time":1.3,"velocity":{"x":0,"y":-70.35856628417969,"z":-670.86785888671875}},{"delta_velocity":{"x":0,"y":10.7477951049805,"z":-23.82318115234375},"time":1.4,"velocity":{"x":0,"y":-81.10636138916016,"z":-647.044677734375}},{"delta_velocity":{"x":0,"y":10.9360198974609,"z":-25.5179443359375},"time":1.5,"velocity":{"x":0,"y":-92.04238128662109,"z":-621.5267333984375}},{"delta_velocity":{"x":0,"y":11.0338821411133,"z":-26.89508056640625},"time":1.6,"velocity":{"x":0,"y":-103.07626342773438,"z":-594.63165283203125}},{"delta_velocity":{"x":0,"y":11.0516357421875,"z":-27.9326171875},"time":1.7,"velocity":{"x":0,"y":-114.12789916992188,"z":-566.69903564453125}},{"delta_velocity":{"x":0,"y":11.0008697509766,"z":-28.62664794921875},"time":1.8,"velocity":{"x":0,"y":-125.12876892089844,"z":-538.0723876953125}},{"delta_velocity":{"x":0,"y":10.8931884765625,"z":-28.98989868164062},"time":1.9,"velocity":{"x":0,"y":-136.02195739746094,"z":-509.08248901367188}},{"delta_velocity":{"x":0,"y":10.7389831542969,"z":-29.04852294921875},"time":2,"velocity":{"x":0,"y":-146.76094055175781,"z":-480.03396606445312}},{"delta_velocity":{"x":0,"y":10.5464782714844,"z":-28.83877563476562},"time":2.1,"velocity":{"x":0,"y":-157.30741882324219,"z":-451.1951904296875}},{"delta_velocity":{"x":0,"y":10.3208618164062,"z":-28.40283203125},"time":2.2,"velocity":{"x":0,"y":-167.62828063964844,"z":-422.7923583984375}},{"delta_velocity":{"x":0,"y":10.0640106201172,"z":-27.78506469726562},"time":2.3,"velocity":{"x":0,"y":-177.69229125976562,"z":-395.00729370117188}},{"delta_velocity":{"x":0,"y":9.77432250976562,"z":-27.02853393554688},"time":2.4,"velocity":{"x":0,"y":-187.46661376953125,"z":-367.978759765625}},{"delta_velocity":{"x":0,"y":9.4471435546875,"z":-26.17239379882812},"time":2.5,"velocity":{"x":0,"y":-196.91375732421875,"z":-341.80636596679688}},{"delta_velocity":{"x":0,"y":9.07540893554688,"z":-25.24990844726562},"time":2.6,"velocity":{"x":0,"y":-205.98916625976562,"z":-316.55645751953125}},{"delta_velocity":{"x":0,"y":8.65060424804688,"z":-24.28732299804688},"time":2.7,"velocity":{"x":0,"y":-214.6397705078125,"z":-292.26913452148438}},{"delta_velocity":{"x":0,"y":8.16403198242188,"z":-23.30349731445312},"time":2.8,"velocity":{"x":0,"y":-222.80380249023438,"z":-268.96563720703125}},{"delta_velocity":{"x":0,"y":7.60824584960938,"z":-22.30998229980469},"time":2.9,"velocity":{"x":0,"y":-230.41204833984375,"z":-246.65565490722656}},{"delta_velocity":{"x":0,"y":6.97846984863281,"z":-21.31214904785156},"time":3,"velocity":{"x":0,"y":-237.39051818847656,"z":-225.343505859375}},{"delta_velocity":{"x":0,"y":6.27397155761719,"z":-20.31027221679688},"time":3.1,"velocity":{"x":0,"y":-243.66448974609375,"z":-205.03323364257812}},{"delta_velocity":{"x":0,"y":5.49887084960938,"z":-19.30131530761719},"time":3.2,"velocity":{"x":0,"y":-249.16336059570312,"z":-185.73191833496094}},{"delta_velocity":{"x":0,"y":4.66279602050781,"z":-18.28065490722656},"time":3.3,"velocity":{"x":0,"y":-253.82615661621094,"z":-167.45126342773438}},{"delta_velocity":{"x":0,"y":3.78053283691406,"z":-17.24391174316406},"time":3.4,"velocity":{"x":0,"y":-257.606689453125,"z":-150.20735168457031}},{"delta_velocity":{"x":0,"y":2.87127685546875,"z":-16.18844604492188},"time":3.5,"velocity":{"x":0,"y":-260.47796630859375,"z":-134.01890563964844}},{"delta_velocity":{"x":0,"y":1.95706176757812,"z":-15.11433410644531},"time":3.6,"velocity":{"x":0,"y":-262.43502807617188,"z":-118.90457153320312}},{"delta_velocity":{"x":0,"y":1.06106567382812,"z":-14.02498626708984},"time":3.7,"velocity":{"x":0,"y":-263.49609375,"z":-104.87958526611328}},{"delta_velocity":{"x":0,"y":0.205718994140625,"z":-12.92706298828125},"time":3.8,"velocity":{"x":0,"y":-263.70181274414062,"z":-91.95252227783203}},{"delta_velocity":{"x":0,"y":-0.5892333984375,"z":-11.82998657226562},"time":3.9,"velocity":{"x":0,"y":-263.11257934570312,"z":-80.12253570556641}},{"delta_velocity":{"x":0,"y":-1.30795288085938,"z":-10.74507904052734},"time":4,"velocity":{"x":0,"y":-261.80462646484375,"z":-69.37745666503906}},{"delta_velocity":{"x":0,"y":-1.939453125,"z":-9.6845588684082},"time":4.1,"velocity":{"x":0,"y":-259.86517333984375,"z":-59.69289779663086}},{"delta_velocity":{"x":0,"y":-2.47796630859375,"z":-8.66047286987305},"time":4.2,"velocity":{"x":0,"y":-257.38720703125,"z":-51.03242492675781}},{"delta_velocity":{"x":0,"y":-2.92256164550781,"z":-7.68383026123047},"time":4.3,"velocity":{"x":0,"y":-254.46464538574219,"z":-43.34859466552734}},{"delta_velocity":{"x":0,"y":-3.27653503417969,"z":-6.7639045715332},"time":4.4,"velocity":{"x":0,"y":-251.1881103515625,"z":-36.58469009399414}},{"delta_velocity":{"x":0,"y":-3.54643249511719,"z":-5.90782356262207},"time":4.5,"velocity":{"x":0,"y":-247.64167785644531,"z":-30.67686653137207}},{"delta_velocity":{"x":0,"y":-3.74118041992188,"z":-5.12041282653809},"time":4.6,"velocity":{"x":0,"y":-243.90049743652344,"z":-25.55645370483398}},{"delta_velocity":{"x":0,"y":-3.87091064453125,"z":-4.40422439575195},"time":4.7,"velocity":{"x":0,"y":-240.02958679199219,"z":-21.15222930908203}},{"delta_velocity":{"x":0,"y":-3.94624328613281,"z":-3.75974082946777},"time":4.8,"velocity":{"x":0,"y":-236.08334350585938,"z":-17.39248847961426}},{"delta_velocity":{"x":0,"y":-3.9774169921875,"z":-3.18567371368408},"time":4.9,"velocity":{"x":0,"y":-232.10592651367188,"z":-14.20681476593018}},{"delta_velocity":{"x":0,"y":-3.9739990234375,"z":-2.67930316925049},"time":5,"velocity":{"x":0,"y":-228.13192749023438,"z":-11.52751159667969}}]}