{"spin_data":[{"delta_spin":{"x":0,"y":0,"z":0},"spin":{"x":0,"y":0,"z":0},"time":0},{"delta_spin":{"x":0,"y":0,"z":0},"spin":{"x":0,"y":0,"z":0},"time":0.1},{"delta_spin":{"x":0,"y":0,"z":0},"spin":{"x":0,"y":0,"z":0},"time":0.2},{"delta_spin":{"x":0,"y":0,"z":0},"spin":{"x":0,"y":0,"z":0},"time":0.3},{"delta_spin":{"x":0,"y":0,"z":0},"spin":{"x":0,"y":0,"z":0},"time":0.4},{"delta_spin":{"x":0,"y":0,"z":0},"spin":{"x":0,"y":0,"z":0},"time":0.5},{"delta_spin":{"x":0,"y":0,"z":0},"spin":{"x":0,"y":0,"z":0},"time":0.6},{"delta_spin":{"x":0,"y":0,"z":0},"spin":{"x":0,"y":0,"z":0},"time":0.7},{"delta_spin":{"x":0,"y":0,"z":0},"spin":{"x":0,"y":0,"z":0},"time":0.8},{"delta_spin":{"x":0,"y":0,"z":0},"spin":{"x":0,"y":0,"z":0},"time":0.9},{"delta_spin":{"x":0,"y":0,"z":0},"spin":{"x":0,"y":0,"z":0},"time":1},{"delta_spin":{"x":0,"y":0,"z":0},"spin":{"x":0,"y":0,"z":0},"time":1.1},{"delta_spin":{"x":0,"y":0,"z":0},"spin":{"x":0,"y":0,"z":0},"time":1.2},{"delta_spin":{"x":0,"y":0,"z":0},"spin":{"x":0,"y":0,"z":0},"time":1.3},{"delta_spin":{"x":0,"y":0,"z":0},"spin":{"x":0,"y":0,"z":0},"time":1.4},{"delta_spin":{"x":0,"y":0,"z":0},"spin":{"x":0,"y":0,"z":0},"time":1.5},{"delta_spin":{"x":0,"y":0,"z":0},"spin":{"x":0,"y":0,"z":0},"time":1.6},{"delta_spin":{"x":0,"y":0,"z":0},"spin":{"x":0,"y":0,"z":0},"time":1.7},{"delta_spin":{"x":0,"y":0,"z":0},"spin":{"x":0,"y":0,"z":0},"time":1.8},{"delta_spin":{"x":0,"y":0,"z":0},"spin":{"x":0,"y":0,"z":0},"time":1.9},{"delta_spin":{"x":0,"y":0,"z":0},"spin":{"x":0,"y":0,"z":0},"time":2},{"delta_spin":{"x":0,"y":0,"z":0},"spin":{"x":0,"y":0,"z":0},"time":2.1},{"delta_spin":{"x":0,"y":0,"z":0},"spin":{"x":0,"y":0,"z":0},"time":2.2},{"delta_spin":{"x":0,"y":0,"z":0},"spin":{"x":0,"y":0,"z":0},"time":2.3},{"delta_spin":{"x":0,"y":0,"z":0},"spin":{"x":0,"y":0,"z":0},"time":2.4},{"delta_spin":{"x":0,"y":0,"z":0},"spin":{"x":0,"y":0,"z":0},"time":2.5},{"delta_spin":{"x":0,"y":0,"z":0},"spin":{"x":0,"y":0,"z":0},"time":2.6},{"delta_spin":{"x":0,"y":0,"z":0},"spin":{"x":0,"y":0,"z":0},"time":2.7},{"delta_spin":{"x":0,"y":0,"z":0},"spin":{"x":0,"y":0,"z":0},"time":2.8},{"delta_spin":{"x":0,"y":0,"z":0},"spin":{"x":0,"y":0,"z":0},"time":2.9},{"delta_spin":{"x":0,"y":0,"z":0},"spin":{"x":0,"y":0,"z":0},"time":3},{"delta_spin":{"x":0,"y":0,"z":0},"spin":{"x":0,"y":0,"z":0},"time":3.1},{"delta_spin":{"x":0,"y":0,"z":0},"spin":{"x":0,"y":0,"z":0},"time":3.2},{"delta_spin":{"x":0,"y":0,"z":0},"spin":{"x":0,"y":0,"z":0},"time":3.3},{"delta_spin":{"x":0,"y":0,"z":0},"spin":{"x":0,"y":0,"z":0},"time":3.4},{"delta_spin":{"x":0,"y":0,"z":0},"spin":{"x":0,"y":0,"z":0},"time":3.5},{"delta_spin":{"x":0,"y":0,"z":0},"spin":{"x":0,"y":0,"z":0},"time":3.6},{"delta_spin":{"x":0,"y":0,"z":0},"spin":{"x":0,"y":0,"z":0},"time":3.7},{"delta_spin":{"x":0,"y":0,"z":0},"spin":{"x":0,"y":0,"z":0},"time":3.8},{"delta_spin":{"x":0,"y":0,"z":0},"spin":{"x":0,"y":0,"z":0},"time":3.9},{"delta_spin":{"x":0,"y":0,"z":0},"spin":{"x":0,"y":0,"z":0},"time":4},{"delta_spin":{"x":0,"y":0,"z":0},"spin":{"x":0,"y":0,"z":0},"time":4.1},{"delta_spin":{"x":0,"y":0,"z":0},"spin":{"x":0,"y":0,"z":0},"time":4.2},{"delta_spin":{"x":0,"y":0,"z":0},"spin":{"x":0,"y":0,"z":0},"time":4.3},{"delta_spin":{"x":0,"y":0,"z":0},"spin":{"x":0,"y":0,"z":0},"time":4.4},{"delta_spin":{"x":0,"y":0,"z":0},"spin":{"x":0,"y":0,"z":0},"time":4.5},{"delta_spin":{"x":0,"y":0,"z":0},"spin":{"x":0,"y":0,"z":0},"time":4.6},{"delta_spin":{"x":0,"y":0,"z":0},"spin":{"x":0,"y":0,"z":0},"time":4.7},{"delta_spin":{"x":0,"y":0,"z":0},"spin":{"x":0,"y":0,"z":0},"time":4.8},{"delta_spin":{"x":0,"y":0,"z":0},"spin":{"x":0,"y":0,"z":0},"time":4.9},{"delta_spin":{"x":0,"y":0,"z":0},"spin":{"x":0,"y":0,"z":0},"time":5}],"velocity_data":[{"delta_velocity":{"x":0,"y":0,"z":0},"time":0,"velocity":{"x":0,"y":11.8499994277954,"z":-790}},{"delta_velocity":{"x":0,"y":0.990204811096191,"z":-0.66900634765625},"time":0.1,"velocity":{"x":0,"y":10.8597946166992,"z":-789.33099365234375}},{"delta_velocity":{"x":0,"y":1.99211406707764,"z":-2.67144775390625},"time":0.2,"velocity":{"x":0,"y":8.86768054962158,"z":-786.6595458984375}},{"delta_velocity":{"x":0,"y":2.98796224594116,"z":-5.969970703125},"time":0.3,"velocity":{"x":0,"y":5.87971830368042,"z":-780.6895751953125}},{"delta_velocity":{"x":0,"y":3.95018482208252,"z":-10.45257568359375},"time":0.4,"velocity":{"x":0,"y":1.9295334815979,"z":-770.23699951171875}},{"delta_velocity":{"x":0,"y":4.84358596801758,"z":-15.89776611328125},"time":0.5,"velocity":{"x":0,"y":-2.91405248641968,"z":-754.3392333984375}},{"delta_velocity":{"x":0,"y":5.62982988357544,"z":-21.9588623046875},"time":0.6,"velocity":{"x":0,"y":-8.54388236999512,"z":-732.38037109375}},{"delta_velocity":{"x":0,"y":6.27407360076904,"z":-28.177978515625},"time":0.7,"velocity":{"x":0,"y":-14.81795597076416,"z":-704.202392578125}},{"delta_velocity":{"x":0,"y":6.75248050689697,"z":-34.03643798828125},"time":0.8,"velocity":{"x":0,"y":-21.57043647766113,"z":-670.16595458984375}},{"delta_velocity":{"x":0,"y":7.05838775634766,"z":-39.03375244140625},"time":0.9,"velocity":{"x":0,"y":-28.62882423400879,"z":-631.1322021484375}},{"delta_velocity":{"x":0,"y":7.20481300354004,"z":-42.77490234375},"time":1,"velocity":{"x":0,"y":-35.83363723754883,"z":-588.3572998046875}},{"delta_velocity":{"x":0,"y":7.22200775146484,"z":-45.03717041015625},"time":1.1,"velocity":{"x":0,"y":-43.05564498901367,"z":-543.32012939453125}},{"delta_velocity":{"x":0,"y":7.15072250366211,"z":-45.7950439453125},"time":1.2,"velocity":{"x":0,"y":-50.20636749267578,"z":-497.52508544921875}},{"delta_velocity":{"x":0,"y":7.03352737426758,"z":-45.19711303710938},"time":1.3,"velocity":{"x":0,"y":-57.23989486694336,"z":-452.32797241210938}},{"delta_velocity":{"x":0,"y":6.90694046020508,"z":-43.50994873046875},"time":1.4,"velocity":{"x":0,"y":-64.14683532714844,"z":-408.81802368164062}},{"delta_velocity":{"x":0,"y":6.79623413085938,"z":-41.05068969726562},"time":1.5,"velocity":{"x":0,"y":-70.94306945800781,"z":-367.767333984375}},{"delta_velocity":{"x":0,"y":6.71343994140625,"z":-38.12933349609375},"time":1.6,"velocity":{"x":0,"y":-77.65650939941406,"z":-329.63800048828125}},{"delta_velocity":{"x":0,"y":6.65769195556641,"z":-35.01138305664062},"time":1.7,"velocity":{"x":0,"y":-84.31420135498047,"z":-294.62661743164062}},{"delta_velocity":{"x":0,"y":6.61692810058594,"z":-31.90078735351562},"time":1.8,"velocity":{"x":0,"y":-90.93112945556641,"z":-262.725830078125}},{"delta_velocity":{"x":0,"y":6.57009887695312,"z":-28.93864440917969},"time":1.9,"velocity":{"x":0,"y":-97.50122833251953,"z":-233.78718566894531}},{"delta_velocity":{"x":0,"y":6.48939514160156,"z":-26.21017456054688},"time":2,"velocity":{"x":0,"y":-103.99062347412109,"z":-207.57701110839844}},{"delta_velocity":{"x":0,"y":6.34288024902344,"z":-23.75486755371094},"time":2.1,"velocity":{"x":0,"y":-110.33350372314453,"z":-183.8221435546875}},{"delta_velocity":{"x":0,"y":6.09783172607422,"z":-21.57691955566406},"time":2.2,"velocity":{"x":0,"y":-116.43133544921875,"z":-162.24522399902344}},{"delta_velocity":{"x":0,"y":5.72526550292969,"z":-19.65434265136719},"time":2.3,"velocity":{"x":0,"y":-122.15660095214844,"z":-142.59088134765625}},{"delta_velocity":{"x":0,"y":5.20523834228516,"z":-17.94735717773438},"time":2.4,"velocity":{"x":0,"y":-127.36183929443359,"z":-124.64352416992188}},{"delta_velocity":{"x":0,"y":4.53238677978516,"z":-16.40662384033203},"time":2.5,"velocity":{"x":0,"y":-131.89422607421875,"z":-108.23690032958984}},{"delta_velocity":{"x":0,"y":3.71969604492188,"z":-14.98143768310547},"time":2.6,"velocity":{"x":0,"y":-135.61392211914062,"z":-93.25546264648438}},{"delta_velocity":{"x":0,"y":2.79916381835938,"z":-13.62744140625},"time":2.7,"velocity":{"x":0,"y":-138.4130859375,"z":-79.62802124023438}},{"delta_velocity":{"x":0,"y":1.81829833984375,"z":-12.31264495849609},"time":2.8,"velocity":{"x":0,"y":-140.23138427734375,"z":-67.31537628173828}},{"delta_velocity":{"x":0,"y":0.833099365234375,"z":-11.02069473266602},"time":2.9,"velocity":{"x":0,"y":-141.06448364257812,"z":-56.29468154907227}},{"delta_velocity":{"x":0,"y":-0.1009521484375,"z":-9.75067138671875},"time":3,"velocity":{"x":0,"y":-140.96353149414062,"z":-46.54401016235352}},{"delta_velocity":{"x":0,"y":-0.93731689453125,"z":-8.51396179199219},"time":3.1,"velocity":{"x":0,"y":-140.02621459960938,"z":-38.03004837036133}},{"delta_velocity":{"x":0,"y":-1.644287109375,"z":-7.32927703857422},"time":3.2,"velocity":{"x":0,"y":-138.38192749023438,"z":-30.70077133178711}},{"delta_velocity":{"x":0,"y":-2.2071533203125,"z":-6.21731567382812},"time":3.3,"velocity":{"x":0,"y":-136.17477416992188,"z":-24.48345565795898}},{"delta_velocity":{"x":0,"y":-2.62684631347656,"z":-5.19637680053711},"time":3.4,"velocity":{"x":0,"y":-133.54792785644531,"z":-19.28707885742188}},{"delta_velocity":{"x":0,"y":-2.91621398925781,"z":-4.27957344055176},"time":3.5,"velocity":{"x":0,"y":-130.6317138671875,"z":-15.00750541687012}},{"delta_velocity":{"x":0,"y":-3.09542846679688,"z":-3.47374248504639},"time":3.6,"velocity":{"x":0,"y":-127.53628540039062,"z":-11.53376293182373}},{"delta_velocity":{"x":0,"y":-3.18739318847656,"z":-2.77967739105225},"time":3.7,"velocity":{"x":0,"y":-124.34889221191406,"z":-8.75408554077148}},{"delta_velocity":{"x":0,"y":-3.21450805664062,"z":-2.1931676864624},"time":3.8,"velocity":{"x":0,"y":-121.13438415527344,"z":-6.56091785430908}},{"delta_velocity":{"x":0,"y":-3.19644165039062,"z":-1.70638084411621},"time":3.9,"velocity":{"x":0,"y":-117.93794250488281,"z":-4.85453701019287}},{"delta_velocity":{"x":0,"y":-3.14912414550781,"z":-1.30921411514282},"time":4,"velocity":{"x":0,"y":-114.788818359375,"z":-3.54532289505005}},{"delta_velocity":{"x":0,"y":-3.08457946777344,"z":-0.99046778678894},"time":4.1,"velocity":{"x":0,"y":-111.70423889160156,"z":-2.55485510826111}},{"delta_velocity":{"x":0,"y":-3.01138305664062,"z":-0.73874545097351},"time":4.2,"velocity":{"x":0,"y":-108.69285583496094,"z":-1.8161096572876}},{"delta_velocity":{"x":0,"y":-2.93522644042969,"z":-0.54309320449829},"time":4.3,"velocity":{"x":0,"y":-105.75762939453125,"z":-1.27301645278931}},{"delta_velocity":{"x":0,"y":-2.85963439941406,"z":-0.39342069625854},"time":4.4,"velocity":{"x":0,"y":-102.89799499511719,"z":-0.87959575653076}},{"delta_velocity":{"x":0,"y":-2.78662109375,"z":-0.28074008226395},"time":4.5,"velocity":{"x":0,"y":-100.11137390136719,"z":-0.59885567426682}},{"delta_velocity":{"x":0,"y":-2.71720123291016,"z":-0.1972713470459},"time":4.6,"velocity":{"x":0,"y":-97.39417266845703,"z":-0.40158432722092}},{"delta_velocity":{"x":0,"y":-2.6517333984375,"z":-0.13645005226135},"time":4.7,"velocity":{"x":0,"y":-94.74243927001953,"z":-0.26513427495956}},{"delta_velocity":{"x":0,"y":-2.59024810791016,"z":-0.0928672850132},"time":4.8,"velocity":{"x":0,"y":-92.15219116210938,"z":-0.17226698994637}},{"delta_velocity":{"x":0,"y":-2.53256225585938,"z":-0.06216591596603},"time":4.9,"velocity":{"x":0,"y":-89.61962890625,"z":-0.11010107398033}},{"delta_velocity":{"x":0,"y":-2.47843933105469,"z":-0.04091261327267},"time":5,"velocity":{"x":0,"y":-87.14118957519531,"z":-0.06918846070766}}]}