{"spin_data":[{"delta_spin":{"x":0,"y":0,"z":0},"spin":{"x":0,"y":0,"z":0},"time":0},{"delta_spin":{"x":0,"y":0,"z":0},"spin":{"x":0,"y":0,"z":0},"time":0.1},{"delta_spin":{"x":0,"y":0,"z":0},"spin":{"x":0,"y":0,"z":0},"time":0.2},{"delta_spin":{"x":0,"y":0,"z":0},"spin":{"x":0,"y":0,"z":0},"time":0.3},{"delta_spin":{"x":0,"y":0,"z":0},"spin":{"x":0,"y":0,"z":0},"time":0.4},{"delta_spin":{"x":0,"y":0,"z":0},"spin":{"x":0,"y":0,"z":0},"time":0.5},{"delta_spin":{"x":0,"y":0,"z":0},"spin":{"x":0,"y":0,"z":0},"time":0.6},{"delta_spin":{"x":0,"y":0,"z":0},"spin":{"x":0,"y":0,"z":0},"time":0.7},{"delta_spin":{"x":0,"y":0,"z":0},"spin":{"x":0,"y":0,"z":0},"time":0.8},{"delta_spin":{"x":0,"y":0,"z":0},"spin":{"x":0,"y":0,"z":0},"time":0.9},{"delta_spin":{"x":0,"y":0,"z":0},"spin":{"x":0,"y":0,"z":0},"time":1},{"delta_spin":{"x":0,"y":0,"z":0},"spin":{"x":0,"y":0,"z":0},"time":1.1},{"delta_spin":{"x":0,"y":0,"z":0},"spin":{"x":0,"y":0,"z":0},"time":1.2},{"delta_spin":{"x":0,"y":0,"z":0},"spin":{"x":0,"y":0,"z":0},"time":1.3},{"delta_spin":{"x":0,"y":0,"z":0},"spin":{"x":0,"y":0,"z":0},"time":1.4},{"delta_spin":{"x":0,"y":0,"z":0},"spin":{"x":0,"y":0,"z":0},"time":1.5},{"delta_spin":{"x":0,"y":0,"z":0},"spin":{"x":0,"y":0,"z":0},"time":1.6},{"delta_spin":{"x":0,"y":0,"z":0},"spin":{"x":0,"y":0,"z":0},"time":1.7},{"delta_spin":{"x":0,"y":0,"z":0},"spin":{"x":0,"y":0,"z":0},"time":1.8},{"delta_spin":{"x":0,"y":0,"z":0},"spin":{"x":0,"y":0,"z":0},"time":1.9},{"delta_spin":{"x":0,"y":0,"z":0},"spin":{"x":0,"y":0,"z":0},"time":2},{"delta_spin":{"x":0,"y":0,"z":0},"spin":{"x":0,"y":0,"z":0},"time":2.1},{"delta_spin":{"x":0,"y":0,"z":0},"spin":{"x":0,"y":0,"z":0},"time":2.2},{"delta_spin":{"x":0,"y":0,"z":0},"spin":{"x":0,"y":0,"z":0},"time":2.3},{"delta_spin":{"x":0,"y":0,"z":0},"spin":{"x":0,"y":0,"z":0},"time":2.4},{"delta_spin":{"x":0,"y":0,"z":0},"spin":{"x":0,"y":0,"z":0},"time":2.5},{"delta_spin":{"x":0,"y":0,"z":0},"spin":{"x":0,"y":0,"z":0},"time":2.6},{"delta_spin":{"x":0,"y":0,"z":0},"spin":{"x":0,"y":0,"z":0},"time":2.7},{"delta_spin":{"x":0,"y":0,"z":0},"spin":{"x":0,"y":0,"z":0},"time":2.8},{"delta_spin":{"x":0,"y":0,"z":0},"spin":{"x":0,"y":0,"z":0},"time":2.9},{"delta_spin":{"x":0,"y":0,"z":0},"spin":{"x":0,"y":0,"z":0},"time":3},{"delta_spin":{"x":0,"y":0,"z":0},"spin":{"x":0,"y":0,"z":0},"time":3.1},{"delta_spin":{"x":0,"y":0,"z":0},"spin":{"x":0,"y":0,"z":0},"time":3.2},{"delta_spin":{"x":0,"y":0,"z":0},"spin":{"x":0,"y":0,"z":0},"time":3.3},{"delta_spin":{"x":0,"y":0,"z":0},"spin":{"x":0,"y":0,"z":0},"time":3.4},{"delta_spin":{"x":0,"y":0,"z":0},"spin":{"x":0,"y":0,"z":0},"time":3.5},{"delta_spin":{"x":0,"y":0,"z":0},"spin":{"x":0,"y":0,"z":0},"time":3.6},{"delta_spin":{"x":0,"y":0,"z":0},"spin":{"x":0,"y":0,"z":0},"time":3.7},{"delta_spin":{"x":0,"y":0,"z":0},"spin":{"x":0,"y":0,"z":0},"time":3.8},{"delta_spin":{"x":0,"y":0,"z":0},"spin":{"x":0,"y":0,"z":0},"time":3.9},{"delta_spin":{"x":0,"y":0,"z":0},"spin":{"x":0,"y":0,"z":0},"time":4},{"delta_spin":{"x":0,"y":0,"z":0},"spin":{"x":0,"y":0,"z":0},"time":4.1},{"delta_spin":{"x":0,"y":0,"z":0},"spin":{"x":0,"y":0,"z":0},"time":4.2},{"delta_spin":{"x":0,"y":0,"z":0},"spin":{"x":0,"y":0,"z":0},"time":4.3},{"delta_spin":{"x":0,"y":0,"z":0},"spin":{"x":0,"y":0,"z":0},"time":4.4},{"delta_spin":{"x":0,"y":0,"z":0},"spin":{"x":0,"y":0,"z":0},"time":4.5},{"delta_spin":{"x":0,"y":0,"z":0},"spin":{"x":0,"y":0,"z":0},"time":4.6},{"delta_spin":{"x":0,"y":0,"z":0},"spin":{"x":0,"y":0,"z":0},"time":4.7},{"delta_spin":{"x":0,"y":0,"z":0},"spin":{"x":0,"y":0,"z":0},"time":4.8},{"delta_spin":{"x":0,"y":0,"z":0},"spin":{"x":0,"y":0,"z":0},"time":4.9},{"delta_spin":{"x":0,"y":0,"z":0},"spin":{"x":0,"y":0,"z":0},"time":5}],"velocity_data":[{"delta_velocity":{"x":0,"y":0,"z":0},"time":0,"velocity":{"x":0,"y":10,"z":-1000}},{"delta_velocity":{"x":0,"y":1.00862216949463,"z":-3.0626220703125},"time":0.1,"velocity":{"x":0,"y":8.99137783050537,"z":-996.9373779296875}},{"delta_velocity":{"x":0,"y":2.04784822463989,"z":-12.1754150390625},"time":0.2,"velocity":{"x":0,"y":6.94352960586548,"z":-984.761962890625}},{"delta_velocity":{"x":0,"y":3.05158519744873,"z":-26.7291259765625},"time":0.3,"velocity":{"x":0,"y":3.89194440841675,"z":-958.0328369140625}},{"delta_velocity":{"x":0,"y":3.92249512672424,"z":-44.9735107421875},"time":0.4,"velocity":{"x":0,"y":-0.03055078536272,"z":-913.059326171875}},{"delta_velocity":{"x":0,"y":4.55996942520142,"z":-63.829345703125},"time":0.5,"velocity":{"x":0,"y":-4.59052038192749,"z":-849.22998046875}},{"delta_velocity":{"x":0,"y":4.90503358840942,"z":-79.51739501953125},"time":0.6,"velocity":{"x":0,"y":-9.49555397033691,"z":-769.71258544921875}},{"delta_velocity":{"x":0,"y":4.97661685943604,"z":-88.92572021484375},"time":0.7,"velocity":{"x":0,"y":-14.47217082977295,"z":-680.786865234375}},{"delta_velocity":{"x":0,"y":4.86812496185303,"z":-90.88909912109375},"time":0.8,"velocity":{"x":0,"y":-19.34029579162598,"z":-589.89776611328125}},{"delta_velocity":{"x":0,"y":4.70224761962891,"z":-86.41900634765625},"time":0.9,"velocity":{"x":0,"y":-24.04254341125488,"z":-503.478759765625}},{"delta_velocity":{"x":0,"y":4.57847785949707,"z":-77.80685424804688},"time":1,"velocity":{"x":0,"y":-28.62102127075195,"z":-425.67190551757812}},{"delta_velocity":{"x":0,"y":4.54763412475586,"z":-67.43185424804688},"time":1.1,"velocity":{"x":0,"y":-33.16865539550781,"z":-358.24005126953125}},{"delta_velocity":{"x":0,"y":4.61645126342773,"z":-57.03976440429688},"time":1.2,"velocity":{"x":0,"y":-37.78510665893555,"z":-301.20028686523438}},{"delta_velocity":{"x":0,"y":4.76448440551758,"z":-47.6104736328125},"time":1.3,"velocity":{"x":0,"y":-42.54959106445312,"z":-253.58981323242188}},{"delta_velocity":{"x":0,"y":4.95818710327148,"z":-39.54006958007812},"time":1.4,"velocity":{"x":0,"y":-47.50777816772461,"z":-214.04974365234375}},{"delta_velocity":{"x":0,"y":5.15763854980469,"z":-32.87783813476562},"time":1.5,"velocity":{"x":0,"y":-52.6654167175293,"z":-181.17190551757812}},{"delta_velocity":{"x":0,"y":5.31778717041016,"z":-27.50442504882812},"time":1.6,"velocity":{"x":0,"y":-57.98320388793945,"z":-153.66748046875}},{"delta_velocity":{"x":0,"y":5.38777542114258,"z":-23.23576354980469},"time":1.7,"velocity":{"x":0,"y":-63.37097930908203,"z":-130.43171691894531}},{"delta_velocity":{"x":0,"y":5.31228637695312,"z":-19.872802734375},"time":1.8,"velocity":{"x":0,"y":-68.68326568603516,"z":-110.55891418457031}},{"delta_velocity":{"x":0,"y":5.03797912597656,"z":-17.22028350830078},"time":1.9,"velocity":{"x":0,"y":-73.72124481201172,"z":-93.33863067626953}},{"delta_velocity":{"x":0,"y":4.52642822265625,"z":-15.09315490722656},"time":2,"velocity":{"x":0,"y":-78.24767303466797,"z":-78.24547576904297}},{"delta_velocity":{"x":0,"y":3.77060699462891,"z":-13.32240295410156},"time":2.1,"velocity":{"x":0,"y":-82.01828002929688,"z":-64.92307281494141}},{"delta_velocity":{"x":0,"y":2.80724334716797,"z":-11.76555633544922},"time":2.2,"velocity":{"x":0,"y":-84.82552337646484,"z":-53.15751647949219}},{"delta_velocity":{"x":0,"y":1.71632385253906,"z":-10.31914520263672},"time":2.3,"velocity":{"x":0,"y":-86.54184722900391,"z":-42.83837127685547}},{"delta_velocity":{"x":0,"y":0.604721069335938,"z":-8.92649841308594},"time":2.4,"velocity":{"x":0,"y":-87.14656829833984,"z":-33.91187286376953}},{"delta_velocity":{"x":0,"y":-0.42072296142578,"z":-7.57539367675781},"time":2.5,"velocity":{"x":0,"y":-86.72584533691406,"z":-26.33647918701172}},{"delta_velocity":{"x":0,"y":-1.27919769287109,"z":-6.28544998168945},"time":2.6,"velocity":{"x":0,"y":-85.44664764404297,"z":-20.05102920532227}},{"delta_velocity":{"x":0,"y":-1.93034362792969,"z":-5.09048843383789},"time":2.7,"velocity":{"x":0,"y":-83.51630401611328,"z":-14.96054077148438}},{"delta_velocity":{"x":0,"y":-2.37384033203125,"z":-4.02264213562012},"time":2.8,"velocity":{"x":0,"y":-81.14246368408203,"z":-10.93789863586426}},{"delta_velocity":{"x":0,"y":-2.63793182373047,"z":-3.10266637802124},"time":2.9,"velocity":{"x":0,"y":-78.50453186035156,"z":-7.83523225784302}},{"delta_velocity":{"x":0,"y":-2.76442718505859,"z":-2.33707284927368},"time":3,"velocity":{"x":0,"y":-75.74010467529297,"z":-5.49815940856934}},{"delta_velocity":{"x":0,"y":-2.79604339599609,"z":-1.71997880935669},"time":3.1,"velocity":{"x":0,"y":-72.94406127929688,"z":-3.77818059921265}},{"delta_velocity":{"x":0,"y":-2.7689208984375,"z":-1.2370228767395},"time":3.2,"velocity":{"x":0,"y":-70.17514038085938,"z":-2.54115772247314}},{"delta_velocity":{"x":0,"y":-2.70968627929688,"z":-0.8693540096283},"time":3.3,"velocity":{"x":0,"y":-67.4654541015625,"z":-1.67180371284485}},{"delta_velocity":{"x":0,"y":-2.63603973388672,"z":-0.59679245948792},"time":3.4,"velocity":{"x":0,"y":-64.82941436767578,"z":-1.07501125335693}},{"delta_velocity":{"x":0,"y":-2.5584602355957,"z":-0.39995074272156},"time":3.5,"velocity":{"x":0,"y":-62.27095413208008,"z":-0.67506051063538}},{"delta_velocity":{"x":0,"y":-2.48254013061523,"z":-0.26147246360779},"time":3.6,"velocity":{"x":0,"y":-59.78841400146484,"z":-0.41358804702759}},{"delta_velocity":{"x":0,"y":-2.41079711914062,"z":-0.16661302745342},"time":3.7,"velocity":{"x":0,"y":-57.37761688232422,"z":-0.24697501957417}},{"delta_velocity":{"x":0,"y":-2.3441047668457,"z":-0.10338181257248},"time":3.8,"velocity":{"x":0,"y":-55.03351211547852,"z":-0.14359320700169}},{"delta_velocity":{"x":0,"y":-2.28246307373047,"z":-0.06240028142929},"time":3.9,"velocity":{"x":0,"y":-52.75104904174805,"z":-0.0811929255724}},{"delta_velocity":{"x":0,"y":-2.22554779052734,"z":-0.03659822791815},"time":4,"velocity":{"x":0,"y":-50.5255012512207,"z":-0.04459469765425}},{"delta_velocity":{"x":0,"y":-2.17292404174805,"z":-0.02083324827254},"time":4.1,"velocity":{"x":0,"y":-48.35257720947266,"z":-0.02376144938171}},{"delta_velocity":{"x":0,"y":-2.12416458129883,"z":-0.01149569824338},"time":4.2,"velocity":{"x":0,"y":-46.22841262817383,"z":-0.01226575113833}},{"delta_velocity":{"x":0,"y":-2.07886505126953,"z":-0.00614066747949},"time":4.3,"velocity":{"x":0,"y":-44.1495475769043,"z":-0.00612508365884}},{"delta_velocity":{"x":0,"y":-2.03665924072266,"z":-0.00317084603012},"time":4.4,"velocity":{"x":0,"y":-42.11288833618164,"z":-0.00295423762873}},{"delta_velocity":{"x":0,"y":-1.99725341796875,"z":-0.00158032122999},"time":4.5,"velocity":{"x":0,"y":-40.11563491821289,"z":-0.00137391639873}},{"delta_velocity":{"x":0,"y":-1.96038055419922,"z":-0.00075893377652},"time":4.6,"velocity":{"x":0,"y":-38.15525436401367,"z":-0.00061498262221}},{"delta_velocity":{"x":0,"y":-1.92580413818359,"z":-0.0003505643399},"time":4.7,"velocity":{"x":0,"y":-36.22945022583008,"z":-0.00026441828231}},{"delta_velocity":{"x":0,"y":-1.89332962036133,"z":-0.00015544834605},"time":4.8,"velocity":{"x":0,"y":-34.33612060546875,"z":-0.00010896993626}},{"delta_velocity":{"x":0,"y":-1.86273956298828,"z":-0.0000660281512},"time":4.9,"velocity":{"x":0,"y":-32.47338104248047,"z":-0.00004294178507}},{"delta_velocity":{"x":0,"y":-1.83390808105469,"z":-0.00002680269063},"time":5,"velocity":{"x":0,"y":-30.63947296142578,"z":-0.00001613909444}}]}