{"spin_data":[{"delta_spin":{"x":0,"y":0,"z":0},"spin":{"x":0,"y":0,"z":0},"time":0},{"delta_spin":{"x":0,"y":0,"z":0},"spin":{"x":0,"y":0,"z":0},"time":0.1},{"delta_spin":{"x":0,"y":0,"z":0},"spin":{"x":0,"y":0,"z":0},"time":0.2},{"delta_spin":{"x":0,"y":0,"z":0},"spin":{"x":0,"y":0,"z":0},"time":0.3},{"delta_spin":{"x":0,"y":0,"z":0},"spin":{"x":0,"y":0,"z":0},"time":0.4},{"delta_spin":{"x":0,"y":0,"z":0},"spin":{"x":0,"y":0,"z":0},"time":0.5},{"delta_spin":{"x":0,"y":0,"z":0},"spin":{"x":0,"y":0,"z":0},"time":0.6},{"delta_spin":{"x":0,"y":0,"z":0},"spin":{"x":0,"y":0,"z":0},"time":0.7},{"delta_spin":{"x":0,"y":0,"z":0},"spin":{"x":0,"y":0,"z":0},"time":0.8},{"delta_spin":{"x":0,"y":0,"z":0},"spin":{"x":0,"y":0,"z":0},"time":0.9},{"delta_spin":{"x":0,"y":0,"z":0},"spin":{"x":0,"y":0,"z":0},"time":1},{"delta_spin":{"x":0,"y":0,"z":0},"spin":{"x":0,"y":0,"z":0},"time":1.1},{"delta_spin":{"x":0,"y":0,"z":0},"spin":{"x":0,"y":0,"z":0},"time":1.2},{"delta_spin":{"x":0,"y":0,"z":0},"spin":{"x":0,"y":0,"z":0},"time":1.3},{"delta_spin":{"x":0,"y":0,"z":0},"spin":{"x":0,"y":0,"z":0},"time":1.4},{"delta_spin":{"x":0,"y":0,"z":0},"spin":{"x":0,"y":0,"z":0},"time":1.5},{"delta_spin":{"x":0,"y":0,"z":0},"spin":{"x":0,"y":0,"z":0},"time":1.6},{"delta_spin":{"x":0,"y":0,"z":0},"spin":{"x":0,"y":0,"z":0},"time":1.7},{"delta_spin":{"x":0,"y":0,"z":0},"spin":{"x":0,"y":0,"z":0},"time":1.8},{"delta_spin":{"x":0,"y":0,"z":0},"spin":{"x":0,"y":0,"z":0},"time":1.9},{"delta_spin":{"x":0,"y":0,"z":0},"spin":{"x":0,"y":0,"z":0},"time":2},{"delta_spin":{"x":0,"y":0,"z":0},"spin":{"x":0,"y":0,"z":0},"time":2.1},{"delta_spin":{"x":0,"y":0,"z":0},"spin":{"x":0,"y":0,"z":0},"time":2.2},{"delta_spin":{"x":0,"y":0,"z":0},"spin":{"x":0,"y":0,"z":0},"time":2.3},{"delta_spin":{"x":0,"y":0,"z":0},"spin":{"x":0,"y":0,"z":0},"time":2.4},{"delta_spin":{"x":0,"y":0,"z":0},"spin":{"x":0,"y":0,"z":0},"time":2.5},{"delta_spin":{"x":0,"y":0,"z":0},"spin":{"x":0,"y":0,"z":0},"time":2.6},{"delta_spin":{"x":0,"y":0,"z":0},"spin":{"x":0,"y":0,"z":0},"time":2.7},{"delta_spin":{"x":0,"y":0,"z":0},"spin":{"x":0,"y":0,"z":0},"time":2.8},{"delta_spin":{"x":0,"y":0,"z":0},"spin":{"x":0,"y":0,"z":0},"time":2.9},{"delta_spin":{"x":0,"y":0,"z":0},"spin":{"x":0,"y":0,"z":0},"time":3},{"delta_spin":{"x":0,"y":0,"z":0},"spin":{"x":0,"y":0,"z":0},"time":3.1},{"delta_spin":{"x":0,"y":0,"z":0},"spin":{"x":0,"y":0,"z":0},"time":3.2},{"delta_spin":{"x":0,"y":0,"z":0},"spin":{"x":0,"y":0,"z":0},"time":3.3},{"delta_spin":{"x":0,"y":0,"z":0},"spin":{"x":0,"y":0,"z":0},"time":3.4},{"delta_spin":{"x":0,"y":0,"z":0},"spin":{"x":0,"y":0,"z":0},"time":3.5},{"delta_spin":{"x":0,"y":0,"z":0},"spin":{"x":0,"y":0,"z":0},"time":3.6},{"delta_spin":{"x":0,"y":0,"z":0},"spin":{"x":0,"y":0,"z":0},"time":3.7},{"delta_spin":{"x":0,"y":0,"z":0},"spin":{"x":0,"y":0,"z":0},"time":3.8},{"delta_spin":{"x":0,"y":0,"z":0},"spin":{"x":0,"y":0,"z":0},"time":3.9},{"delta_spin":{"x":0,"y":0,"z":0},"spin":{"x":0,"y":0,"z":0},"time":4},{"delta_spin":{"x":0,"y":0,"z":0},"spin":{"x":0,"y":0,"z":0},"time":4.1},{"delta_spin":{"x":0,"y":0,"z":0},"spin":{"x":0,"y":0,"z":0},"time":4.2},{"delta_spin":{"x":0,"y":0,"z":0},"spin":{"x":0,"y":0,"z":0},"time":4.3},{"delta_spin":{"x":0,"y":0,"z":0},"spin":{"x":0,"y":0,"z":0},"time":4.4},{"delta_spin":{"x":0,"y":0,"z":0},"spin":{"x":0,"y":0,"z":0},"time":4.5},{"delta_spin":{"x":0,"y":0,"z":0},"spin":{"x":0,"y":0,"z":0},"time":4.6},{"delta_spin":{"x":0,"y":0,"z":0},"spin":{"x":0,"y":0,"z":0},"time":4.7},{"delta_spin":{"x":0,"y":0,"z":0},"spin":{"x":0,"y":0,"z":0},"time":4.8},{"delta_spin":{"x":0,"y":0,"z":0},"spin":{"x":0,"y":0,"z":0},"time":4.9},{"delta_spin":{"x":0,"y":0,"z":0},"spin":{"x":0,"y":0,"z":0},"time":5}],"velocity_data":[{"delta_velocity":{"x":0,"y":0,"z":0},"time":0,"velocity":{"x":0,"y":5,"z":-1000}},{"delta_velocity":{"x":0,"y":0.993308067321777,"z":-3.0625},"time":0.1,"velocity":{"x":0,"y":4.00669193267822,"z":-996.9375}},{"delta_velocity":{"x":0,"y":1.98697066307068,"z":-12.17510986328125},"time":0.2,"velocity":{"x":0,"y":2.01972126960754,"z":-984.76239013671875}},{"delta_velocity":{"x":0,"y":2.91793990135193,"z":-26.72894287109375},"time":0.3,"velocity":{"x":0,"y":-0.89821863174438,"z":-958.033447265625}},{"delta_velocity":{"x":0,"y":3.69762420654297,"z":-44.97412109375},"time":0.4,"velocity":{"x":0,"y":-4.59584283828735,"z":-913.059326171875}},{"delta_velocity":{"x":0,"y":4.24079751968384,"z":-63.83184814453125},"time":0.5,"velocity":{"x":0,"y":-8.83664035797119,"z":-849.22747802734375}},{"delta_velocity":{"x":0,"y":4.50735092163086,"z":-79.52288818359375},"time":0.6,"velocity":{"x":0,"y":-13.34399127960205,"z":-769.70458984375}},{"delta_velocity":{"x":0,"y":4.53174877166748,"z":-88.9344482421875},"time":0.7,"velocity":{"x":0,"y":-17.87574005126953,"z":-680.7701416015625}},{"delta_velocity":{"x":0,"y":4.41320610046387,"z":-90.900634765625},"time":0.8,"velocity":{"x":0,"y":-22.2889461517334,"z":-589.8695068359375}},{"delta_velocity":{"x":0,"y":4.26935005187988,"z":-86.432373046875},"time":0.9,"velocity":{"x":0,"y":-26.55829620361328,"z":-503.4371337890625}},{"delta_velocity":{"x":0,"y":4.18821144104004,"z":-77.82101440429688},"time":1,"velocity":{"x":0,"y":-30.74650764465332,"z":-425.61611938476562}},{"delta_velocity":{"x":0,"y":4.20868873596191,"z":-67.44598388671875},"time":1.1,"velocity":{"x":0,"y":-34.95519638061523,"z":-358.17013549804688}},{"delta_velocity":{"x":0,"y":4.32875061035156,"z":-57.053466796875},"time":1.2,"velocity":{"x":0,"y":-39.2839469909668,"z":-301.11666870117188}},{"delta_velocity":{"x":0,"y":4.52300643920898,"z":-47.62362670898438},"time":1.3,"velocity":{"x":0,"y":-43.80695343017578,"z":-253.4930419921875}},{"delta_velocity":{"x":0,"y":4.75588607788086,"z":-39.55252075195312},"time":1.4,"velocity":{"x":0,"y":-48.56283950805664,"z":-213.94052124023438}},{"delta_velocity":{"x":0,"y":4.98720932006836,"z":-32.88937377929688},"time":1.5,"velocity":{"x":0,"y":-53.550048828125,"z":-181.0511474609375}},{"delta_velocity":{"x":0,"y":5.17255401611328,"z":-27.51466369628906},"time":1.6,"velocity":{"x":0,"y":-58.72260284423828,"z":-153.53648376464844}},{"delta_velocity":{"x":0,"y":5.26217269897461,"z":-23.24406433105469},"time":1.7,"velocity":{"x":0,"y":-63.98477554321289,"z":-130.29241943359375}},{"delta_velocity":{"x":0,"y":5.20202255249023,"z":-19.8782958984375},"time":1.8,"velocity":{"x":0,"y":-69.18679809570312,"z":-110.41412353515625}},{"delta_velocity":{"x":0,"y":4.94019317626953,"z":-17.22206115722656},"time":1.9,"velocity":{"x":0,"y":-74.12699127197266,"z":-93.19206237792969}},{"delta_velocity":{"x":0,"y":4.439697265625,"z":-15.09043884277344},"time":2,"velocity":{"x":0,"y":-78.56668853759766,"z":-78.10162353515625}},{"delta_velocity":{"x":0,"y":3.6947021484375,"z":-13.31491088867188},"time":2.1,"velocity":{"x":0,"y":-82.26139068603516,"z":-64.78671264648438}},{"delta_velocity":{"x":0,"y":2.74258422851562,"z":-11.75369644165039},"time":2.2,"velocity":{"x":0,"y":-85.00397491455078,"z":-53.03301620483398}},{"delta_velocity":{"x":0,"y":1.66341400146484,"z":-10.30398559570312},"time":2.3,"velocity":{"x":0,"y":-86.66738891601562,"z":-42.72903060913086}},{"delta_velocity":{"x":0,"y":0.563507080078125,"z":-8.90955352783203},"time":2.4,"velocity":{"x":0,"y":-87.23089599609375,"z":-33.81947708129883}},{"delta_velocity":{"x":0,"y":-0.45108795166016,"z":-7.5582447052002},"time":2.5,"velocity":{"x":0,"y":-86.77980804443359,"z":-26.26123237609863}},{"delta_velocity":{"x":0,"y":-1.30030059814453,"z":-6.2694149017334},"time":2.6,"velocity":{"x":0,"y":-85.47950744628906,"z":-19.99181747436523}},{"delta_velocity":{"x":0,"y":-1.94416809082031,"z":-5.07643508911133},"time":2.7,"velocity":{"x":0,"y":-83.53533935546875,"z":-14.91538238525391}},{"delta_velocity":{"x":0,"y":-2.38237762451172,"z":-4.01095962524414},"time":2.8,"velocity":{"x":0,"y":-81.15296173095703,"z":-10.90442276000977}},{"delta_velocity":{"x":0,"y":-2.64292144775391,"z":-3.09337043762207},"time":2.9,"velocity":{"x":0,"y":-78.51004028320312,"z":-7.8110523223877}},{"delta_velocity":{"x":0,"y":-2.76718139648438,"z":-2.32994079589844},"time":3,"velocity":{"x":0,"y":-75.74285888671875,"z":-5.48111152648926}},{"delta_velocity":{"x":0,"y":-2.79749298095703,"z":-1.71467614173889},"time":3.1,"velocity":{"x":0,"y":-72.94536590576172,"z":-3.76643538475037}},{"delta_velocity":{"x":0,"y":-2.76963043212891,"z":-1.23318791389465},"time":3.2,"velocity":{"x":0,"y":-70.17573547363281,"z":-2.53324747085571}},{"delta_velocity":{"x":0,"y":-2.71002197265625,"z":-0.8666512966156},"time":3.3,"velocity":{"x":0,"y":-67.46571350097656,"z":-1.66659617424011}},{"delta_velocity":{"x":0,"y":-2.63619995117188,"z":-0.59493446350098},"time":3.4,"velocity":{"x":0,"y":-64.82951354980469,"z":-1.07166171073914}},{"delta_velocity":{"x":0,"y":-2.55852508544922,"z":-0.39870488643646},"time":3.5,"velocity":{"x":0,"y":-62.27098846435547,"z":-0.67295682430267}},{"delta_velocity":{"x":0,"y":-2.48255920410156,"z":-0.26065769791603},"time":3.6,"velocity":{"x":0,"y":-59.78842926025391,"z":-0.41229912638664}},{"delta_velocity":{"x":0,"y":-2.41080856323242,"z":-0.16609382629395},"time":3.7,"velocity":{"x":0,"y":-57.37762069702148,"z":-0.2462053000927}},{"delta_velocity":{"x":0,"y":-2.3441047668457,"z":-0.10305964946747},"time":3.8,"velocity":{"x":0,"y":-55.03351593017578,"z":-0.14314565062523}},{"delta_velocity":{"x":0,"y":-2.282470703125,"z":-0.06220579147339},"time":3.9,"velocity":{"x":0,"y":-52.75104522705078,"z":-0.08093985915184}},{"delta_velocity":{"x":0,"y":-2.22554016113281,"z":-0.03648414835334},"time":4,"velocity":{"x":0,"y":-50.52550506591797,"z":-0.0444557107985}},{"delta_velocity":{"x":0,"y":-2.17292785644531,"z":-0.02076832018793},"time":4.1,"velocity":{"x":0,"y":-48.35257720947266,"z":-0.02368739061058}},{"delta_velocity":{"x":0,"y":-2.12416458129883,"z":-0.01145986933261},"time":4.2,"velocity":{"x":0,"y":-46.22841262817383,"z":-0.01222752127796}},{"delta_velocity":{"x":0,"y":-2.07886505126953,"z":-0.00612152786925},"time":4.3,"velocity":{"x":0,"y":-44.1495475769043,"z":-0.00610599340871}},{"delta_velocity":{"x":0,"y":-2.03665924072266,"z":-0.00316096330062},"time":4.4,"velocity":{"x":0,"y":-42.11288833618164,"z":-0.00294503010809}},{"delta_velocity":{"x":0,"y":-1.99725341796875,"z":-0.00157539581414},"time":4.5,"velocity":{"x":0,"y":-40.11563491821289,"z":-0.00136963429395}},{"delta_velocity":{"x":0,"y":-1.96038055419922,"z":-0.0007565683336},"time":4.6,"velocity":{"x":0,"y":-38.15525436401367,"z":-0.00061306596035}},{"delta_velocity":{"x":0,"y":-1.92580413818359,"z":-0.000349471753},"time":4.7,"velocity":{"x":0,"y":-36.22945022583008,"z":-0.00026359420735}},{"delta_velocity":{"x":0,"y":-1.89332962036133,"z":-0.00015496388369},"time":4.8,"velocity":{"x":0,"y":-34.33612060546875,"z":-0.00010863032367}},{"delta_velocity":{"x":0,"y":-1.86273956298828,"z":-0.00006582237256},"time":4.9,"velocity":{"x":0,"y":-32.47338104248047,"z":-0.0000428079511}},{"delta_velocity":{"x":0,"y":-1.83390808105469,"z":-0.00002671915536},"time":5,"velocity":{"x":0,"y":-30.63947296142578,"z":-0.00001608879575}}]}