{"spin_data":[{"delta_spin":{"x":0,"y":0,"z":0},"spin":{"x":0,"y":0,"z":0},"time":0},{"delta_spin":{"x":0,"y":0,"z":0},"spin":{"x":0,"y":0,"z":0},"time":0.1},{"delta_spin":{"x":0,"y":0,"z":0},"spin":{"x":0,"y":0,"z":0},"time":0.2},{"delta_spin":{"x":0,"y":0,"z":0},"spin":{"x":0,"y":0,"z":0},"time":0.3},{"delta_spin":{"x":0,"y":0,"z":0},"spin":{"x":0,"y":0,"z":0},"time":0.4},{"delta_spin":{"x":0,"y":0,"z":0},"spin":{"x":0,"y":0,"z":0},"time":0.5},{"delta_spin":{"x":0,"y":0,"z":0},"spin":{"x":0,"y":0,"z":0},"time":0.6},{"delta_spin":{"x":0,"y":0,"z":0},"spin":{"x":0,"y":0,"z":0},"time":0.7},{"delta_spin":{"x":0,"y":0,"z":0},"spin":{"x":0,"y":0,"z":0},"time":0.8},{"delta_spin":{"x":0,"y":0,"z":0},"spin":{"x":0,"y":0,"z":0},"time":0.9},{"delta_spin":{"x":0,"y":0,"z":0},"spin":{"x":0,"y":0,"z":0},"time":1},{"delta_spin":{"x":0,"y":0,"z":0},"spin":{"x":0,"y":0,"z":0},"time":1.1},{"delta_spin":{"x":0,"y":0,"z":0},"spin":{"x":0,"y":0,"z":0},"time":1.2},{"delta_spin":{"x":0,"y":0,"z":0},"spin":{"x":0,"y":0,"z":0},"time":1.3},{"delta_spin":{"x":0,"y":0,"z":0},"spin":{"x":0,"y":0,"z":0},"time":1.4},{"delta_spin":{"x":0,"y":0,"z":0},"spin":{"x":0,"y":0,"z":0},"time":1.5},{"delta_spin":{"x":0,"y":0,"z":0},"spin":{"x":0,"y":0,"z":0},"time":1.6},{"delta_spin":{"x":0,"y":0,"z":0},"spin":{"x":0,"y":0,"z":0},"time":1.7},{"delta_spin":{"x":0,"y":0,"z":0},"spin":{"x":0,"y":0,"z":0},"time":1.8},{"delta_spin":{"x":0,"y":0,"z":0},"spin":{"x":0,"y":0,"z":0},"time":1.9},{"delta_spin":{"x":0,"y":0,"z":0},"spin":{"x":0,"y":0,"z":0},"time":2},{"delta_spin":{"x":0,"y":0,"z":0},"spin":{"x":0,"y":0,"z":0},"time":2.1},{"delta_spin":{"x":0,"y":0,"z":0},"spin":{"x":0,"y":0,"z":0},"time":2.2},{"delta_spin":{"x":0,"y":0,"z":0},"spin":{"x":0,"y":0,"z":0},"time":2.3},{"delta_spin":{"x":0,"y":0,"z":0},"spin":{"x":0,"y":0,"z":0},"time":2.4},{"delta_spin":{"x":0,"y":0,"z":0},"spin":{"x":0,"y":0,"z":0},"time":2.5},{"delta_spin":{"x":0,"y":0,"z":0},"spin":{"x":0,"y":0,"z":0},"time":2.6},{"delta_spin":{"x":0,"y":0,"z":0},"spin":{"x":0,"y":0,"z":0},"time":2.7},{"delta_spin":{"x":0,"y":0,"z":0},"spin":{"x":0,"y":0,"z":0},"time":2.8},{"delta_spin":{"x":0,"y":0,"z":0},"spin":{"x":0,"y":0,"z":0},"time":2.9},{"delta_spin":{"x":0,"y":0,"z":0},"spin":{"x":0,"y":0,"z":0},"time":3},{"delta_spin":{"x":0,"y":0,"z":0},"spin":{"x":0,"y":0,"z":0},"time":3.1},{"delta_spin":{"x":0,"y":0,"z":0},"spin":{"x":0,"y":0,"z":0},"time":3.2},{"delta_spin":{"x":0,"y":0,"z":0},"spin":{"x":0,"y":0,"z":0},"time":3.3},{"delta_spin":{"x":0,"y":0,"z":0},"spin":{"x":0,"y":0,"z":0},"time":3.4},{"delta_spin":{"x":0,"y":0,"z":0},"spin":{"x":0,"y":0,"z":0},"time":3.5},{"delta_spin":{"x":0,"y":0,"z":0},"spin":{"x":0,"y":0,"z":0},"time":3.6},{"delta_spin":{"x":0,"y":0,"z":0},"spin":{"x":0,"y":0,"z":0},"time":3.7},{"delta_spin":{"x":0,"y":0,"z":0},"spin":{"x":0,"y":0,"z":0},"time":3.8},{"delta_spin":{"x":0,"y":0,"z":0},"spin":{"x":0,"y":0,"z":0},"time":3.9},{"delta_spin":{"x":0,"y":0,"z":0},"spin":{"x":0,"y":0,"z":0},"time":4},{"delta_spin":{"x":0,"y":0,"z":0},"spin":{"x":0,"y":0,"z":0},"time":4.1},{"delta_spin":{"x":0,"y":0,"z":0},"spin":{"x":0,"y":0,"z":0},"time":4.2},{"delta_spin":{"x":0,"y":0,"z":0},"spin":{"x":0,"y":0,"z":0},"time":4.3},{"delta_spin":{"x":0,"y":0,"z":0},"spin":{"x":0,"y":0,"z":0},"time":4.4},{"delta_spin":{"x":0,"y":0,"z":0},"spin":{"x":0,"y":0,"z":0},"time":4.5},{"delta_spin":{"x":0,"y":0,"z":0},"spin":{"x":0,"y":0,"z":0},"time":4.6},{"delta_spin":{"x":0,"y":0,"z":0},"spin":{"x":0,"y":0,"z":0},"time":4.7},{"delta_spin":{"x":0,"y":0,"z":0},"spin":{"x":0,"y":0,"z":0},"time":4.8},{"delta_spin":{"x":0,"y":0,"z":0},"spin":{"x":0,"y":0,"z":0},"time":4.9},{"delta_spin":{"x":0,"y":0,"z":0},"spin":{"x":0,"y":0,"z":0},"time":5}],"velocity_data":[{"delta_velocity":{"x":0,"y":0,"z":0},"time":0,"velocity":{"x":0,"y":10,"z":-1000}},{"delta_velocity":{"x":0,"y":1.00834560394287,"z":-3.031982421875},"time":0.1,"velocity":{"x":0,"y":8.99165439605713,"z":-996.968017578125}},{"delta_velocity":{"x":0,"y":2.04699563980103,"z":-12.05438232421875},"time":0.2,"velocity":{"x":0,"y":6.9446587562561,"z":-984.91363525390625}},{"delta_velocity":{"x":0,"y":3.05054616928101,"z":-26.469970703125},"time":0.3,"velocity":{"x":0,"y":3.8941125869751,"z":-958.44366455078125}},{"delta_velocity":{"x":0,"y":3.92261052131653,"z":-44.56195068359375},"time":0.4,"velocity":{"x":0,"y":-0.02849782444537,"z":-913.8817138671875}},{"delta_velocity":{"x":0,"y":4.56325483322144,"z":-63.304931640625},"time":0.5,"velocity":{"x":0,"y":-4.59175252914429,"z":-850.5767822265625}},{"delta_velocity":{"x":0,"y":4.91318941116333,"z":-78.97210693359375},"time":0.6,"velocity":{"x":0,"y":-9.50494194030762,"z":-771.60467529296875}},{"delta_velocity":{"x":0,"y":4.98984527587891,"z":-88.4697265625},"time":0.7,"velocity":{"x":0,"y":-14.49478721618652,"z":-683.13494873046875}},{"delta_velocity":{"x":0,"y":4.88475608825684,"z":-90.60174560546875},"time":0.8,"velocity":{"x":0,"y":-19.37954330444336,"z":-592.533203125}},{"delta_velocity":{"x":0,"y":4.71957397460938,"z":-86.32037353515625},"time":0.9,"velocity":{"x":0,"y":-24.09911727905273,"z":-506.21282958984375}},{"delta_velocity":{"x":0,"y":4.59405517578125,"z":-77.8663330078125},"time":1,"velocity":{"x":0,"y":-28.69317245483398,"z":-428.34649658203125}},{"delta_velocity":{"x":0,"y":4.56008148193359,"z":-67.59652709960938},"time":1.1,"velocity":{"x":0,"y":-33.25325393676758,"z":-360.74996948242188}},{"delta_velocity":{"x":0,"y":4.62550735473633,"z":-57.25888061523438},"time":1.2,"velocity":{"x":0,"y":-37.87876129150391,"z":-303.4910888671875}},{"delta_velocity":{"x":0,"y":4.77069473266602,"z":-47.84660339355469},"time":1.3,"velocity":{"x":0,"y":-42.64945602416992,"z":-255.64448547363281}},{"delta_velocity":{"x":0,"y":4.96258926391602,"z":-39.76988220214844},"time":1.4,"velocity":{"x":0,"y":-47.61204528808594,"z":-215.87460327148438}},{"delta_velocity":{"x":0,"y":5.16159820556641,"z":-33.08895874023438},"time":1.5,"velocity":{"x":0,"y":-52.77364349365234,"z":-182.78564453125}},{"delta_velocity":{"x":0,"y":5.32300186157227,"z":-27.69161987304688},"time":1.6,"velocity":{"x":0,"y":-58.09664535522461,"z":-155.09402465820312}},{"delta_velocity":{"x":0,"y":5.39631652832031,"z":-23.39816284179688},"time":1.7,"velocity":{"x":0,"y":-63.49296188354492,"z":-131.69586181640625}},{"delta_velocity":{"x":0,"y":5.32653427124023,"z":-20.01213073730469},"time":1.8,"velocity":{"x":0,"y":-68.81949615478516,"z":-111.68373107910156}},{"delta_velocity":{"x":0,"y":5.06028747558594,"z":-17.33990478515625},"time":1.9,"velocity":{"x":0,"y":-73.87978363037109,"z":-94.34382629394531}},{"delta_velocity":{"x":0,"y":4.55851745605469,"z":-15.19744110107422},"time":2,"velocity":{"x":0,"y":-78.43830108642578,"z":-79.14638519287109}},{"delta_velocity":{"x":0,"y":3.81276702880859,"z":-13.41616821289062},"time":2.1,"velocity":{"x":0,"y":-82.25106811523438,"z":-65.73021697998047}},{"delta_velocity":{"x":0,"y":2.85767364501953,"z":-11.85320281982422},"time":2.2,"velocity":{"x":0,"y":-85.10874176025391,"z":-53.87701416015625}},{"delta_velocity":{"x":0,"y":1.77121734619141,"z":-10.40383911132812},"time":2.3,"velocity":{"x":0,"y":-86.87995910644531,"z":-43.47317504882812}},{"delta_velocity":{"x":0,"y":0.659027099609375,"z":-9.00965881347656},"time":2.4,"velocity":{"x":0,"y":-87.53898620605469,"z":-34.46351623535156}},{"delta_velocity":{"x":0,"y":-0.37197875976562,"z":-7.65667343139648},"time":2.5,"velocity":{"x":0,"y":-87.16700744628906,"z":-26.80684280395508}},{"delta_velocity":{"x":0,"y":-1.23970031738281,"z":-6.36326217651367},"time":2.6,"velocity":{"x":0,"y":-85.92730712890625,"z":-20.44358062744141}},{"delta_velocity":{"x":0,"y":-1.90182495117188,"z":-5.16277122497559},"time":2.7,"velocity":{"x":0,"y":-84.02548217773438,"z":-15.28080940246582}},{"delta_velocity":{"x":0,"y":-2.35610198974609,"z":-4.08756065368652},"time":2.8,"velocity":{"x":0,"y":-81.66938018798828,"z":-11.1932487487793}},{"delta_velocity":{"x":0,"y":-2.62943267822266,"z":-3.15904140472412},"time":2.9,"velocity":{"x":0,"y":-79.03994750976562,"z":-8.03420734405518}},{"delta_velocity":{"x":0,"y":-2.762939453125,"z":-2.38448333740234},"time":3,"velocity":{"x":0,"y":-76.27700805664062,"z":-5.64972400665283}},{"delta_velocity":{"x":0,"y":-2.79938507080078,"z":-1.75867509841919},"time":3.1,"velocity":{"x":0,"y":-73.47762298583984,"z":-3.89104890823364}},{"delta_velocity":{"x":0,"y":-2.77519989013672,"z":-1.26772880554199},"time":3.2,"velocity":{"x":0,"y":-70.70242309570312,"z":-2.62332010269165}},{"delta_velocity":{"x":0,"y":-2.71754455566406,"z":-0.89307141304016},"time":3.3,"velocity":{"x":0,"y":-67.98487854003906,"z":-1.73024868965149}},{"delta_velocity":{"x":0,"y":-2.64451599121094,"z":-0.61463475227356},"time":3.4,"velocity":{"x":0,"y":-65.34036254882812,"z":-1.11561393737793}},{"delta_velocity":{"x":0,"y":-2.5670280456543,"z":-0.41302502155304},"time":3.5,"velocity":{"x":0,"y":-62.77333450317383,"z":-0.70258891582489}},{"delta_velocity":{"x":0,"y":-2.49089431762695,"z":-0.27080115675926},"time":3.6,"velocity":{"x":0,"y":-60.28244018554688,"z":-0.43178775906563}},{"delta_velocity":{"x":0,"y":-2.41881942749023,"z":-0.17309084534645},"time":3.7,"velocity":{"x":0,"y":-57.86362075805664,"z":-0.25869691371918}},{"delta_velocity":{"x":0,"y":-2.35173797607422,"z":-0.10775610804558},"time":3.8,"velocity":{"x":0,"y":-55.51188278198242,"z":-0.1509408056736}},{"delta_velocity":{"x":0,"y":-2.28971862792969,"z":-0.06527032703161},"time":3.9,"velocity":{"x":0,"y":-53.22216415405273,"z":-0.08567047864199}},{"delta_velocity":{"x":0,"y":-2.23243713378906,"z":-0.03842613846064},"time":4,"velocity":{"x":0,"y":-50.98972702026367,"z":-0.04724434018135}},{"delta_velocity":{"x":0,"y":-2.17948913574219,"z":-0.02196214348078},"time":4.1,"velocity":{"x":0,"y":-48.81023788452148,"z":-0.02528219670057}},{"delta_velocity":{"x":0,"y":-2.13042449951172,"z":-0.01217099931091},"time":4.2,"velocity":{"x":0,"y":-46.67981338500977,"z":-0.01311119738966}},{"delta_velocity":{"x":0,"y":-2.08484268188477,"z":-0.00653146579862},"time":4.3,"velocity":{"x":0,"y":-44.594970703125,"z":-0.00657973159105}},{"delta_velocity":{"x":0,"y":-2.04237747192383,"z":-0.00338934967294},"time":4.4,"velocity":{"x":0,"y":-42.55259323120117,"z":-0.0031903819181}},{"delta_velocity":{"x":0,"y":-2.00273513793945,"z":-0.00169818906579},"time":4.5,"velocity":{"x":0,"y":-40.54985809326172,"z":-0.00149219285231}},{"delta_velocity":{"x":0,"y":-1.96564865112305,"z":-0.00082018220564},"time":4.6,"velocity":{"x":0,"y":-38.58420944213867,"z":-0.00067201064667}},{"delta_velocity":{"x":0,"y":-1.93085479736328,"z":-0.00038117237273},"time":4.7,"velocity":{"x":0,"y":-36.65335464477539,"z":-0.00029083827394}},{"delta_velocity":{"x":0,"y":-1.89820098876953,"z":-0.00017013173783},"time":4.8,"velocity":{"x":0,"y":-34.75515365600586,"z":-0.00012070653611}},{"delta_velocity":{"x":0,"y":-1.867431640625,"z":-0.00007277651457},"time":4.9,"velocity":{"x":0,"y":-32.88772201538086,"z":-0.00004793002154}},{"delta_velocity":{"x":0,"y":-1.83842849731445,"z":-0.00002976752876},"time":5,"velocity":{"x":0,"y":-31.04929351806641,"z":-0.00001816249278}}]}