{"spin_data":[{"delta_spin":{"x":0,"y":0,"z":0},"spin":{"x":0,"y":0,"z":0},"time":0},{"delta_spin":{"x":0,"y":0,"z":0},"spin":{"x":0,"y":0,"z":0},"time":0.1},{"delta_spin":{"x":0,"y":0,"z":0},"spin":{"x":0,"y":0,"z":0},"time":0.2},{"delta_spin":{"x":0,"y":0,"z":0},"spin":{"x":0,"y":0,"z":0},"time":0.3},{"delta_spin":{"x":0,"y":0,"z":0},"spin":{"x":0,"y":0,"z":0},"time":0.4},{"delta_spin":{"x":0,"y":0,"z":0},"spin":{"x":0,"y":0,"z":0},"time":0.5},{"delta_spin":{"x":0,"y":0,"z":0},"spin":{"x":0,"y":0,"z":0},"time":0.6},{"delta_spin":{"x":0,"y":0,"z":0},"spin":{"x":0,"y":0,"z":0},"time":0.7},{"delta_spin":{"x":0,"y":0,"z":0},"spin":{"x":0,"y":0,"z":0},"time":0.8},{"delta_spin":{"x":0,"y":0,"z":0},"spin":{"x":0,"y":0,"z":0},"time":0.9},{"delta_spin":{"x":0,"y":0,"z":0},"spin":{"x":0,"y":0,"z":0},"time":1},{"delta_spin":{"x":0,"y":0,"z":0},"spin":{"x":0,"y":0,"z":0},"time":1.1},{"delta_spin":{"x":0,"y":0,"z":0},"spin":{"x":0,"y":0,"z":0},"time":1.2},{"delta_spin":{"x":0,"y":0,"z":0},"spin":{"x":0,"y":0,"z":0},"time":1.3},{"delta_spin":{"x":0,"y":0,"z":0},"spin":{"x":0,"y":0,"z":0},"time":1.4},{"delta_spin":{"x":0,"y":0,"z":0},"spin":{"x":0,"y":0,"z":0},"time":1.5},{"delta_spin":{"x":0,"y":0,"z":0},"spin":{"x":0,"y":0,"z":0},"time":1.6},{"delta_spin":{"x":0,"y":0,"z":0},"spin":{"x":0,"y":0,"z":0},"time":1.7},{"delta_spin":{"x":0,"y":0,"z":0},"spin":{"x":0,"y":0,"z":0},"time":1.8},{"delta_spin":{"x":0,"y":0,"z":0},"spin":{"x":0,"y":0,"z":0},"time":1.9},{"delta_spin":{"x":0,"y":0,"z":0},"spin":{"x":0,"y":0,"z":0},"time":2},{"delta_spin":{"x":0,"y":0,"z":0},"spin":{"x":0,"y":0,"z":0},"time":2.1},{"delta_spin":{"x":0,"y":0,"z":0},"spin":{"x":0,"y":0,"z":0},"time":2.2},{"delta_spin":{"x":0,"y":0,"z":0},"spin":{"x":0,"y":0,"z":0},"time":2.3},{"delta_spin":{"x":0,"y":0,"z":0},"spin":{"x":0,"y":0,"z":0},"time":2.4},{"delta_spin":{"x":0,"y":0,"z":0},"spin":{"x":0,"y":0,"z":0},"time":2.5},{"delta_spin":{"x":0,"y":0,"z":0},"spin":{"x":0,"y":0,"z":0},"time":2.6},{"delta_spin":{"x":0,"y":0,"z":0},"spin":{"x":0,"y":0,"z":0},"time":2.7},{"delta_spin":{"x":0,"y":0,"z":0},"spin":{"x":0,"y":0,"z":0},"time":2.8},{"delta_spin":{"x":0,"y":0,"z":0},"spin":{"x":0,"y":0,"z":0},"time":2.9},{"delta_spin":{"x":0,"y":0,"z":0},"spin":{"x":0,"y":0,"z":0},"time":3},{"delta_spin":{"x":0,"y":0,"z":0},"spin":{"x":0,"y":0,"z":0},"time":3.1},{"delta_spin":{"x":0,"y":0,"z":0},"spin":{"x":0,"y":0,"z":0},"time":3.2},{"delta_spin":{"x":0,"y":0,"z":0},"spin":{"x":0,"y":0,"z":0},"time":3.3},{"delta_spin":{"x":0,"y":0,"z":0},"spin":{"x":0,"y":0,"z":0},"time":3.4},{"delta_spin":{"x":0,"y":0,"z":0},"spin":{"x":0,"y":0,"z":0},"time":3.5},{"delta_spin":{"x":0,"y":0,"z":0},"spin":{"x":0,"y":0,"z":0},"time":3.6},{"delta_spin":{"x":0,"y":0,"z":0},"spin":{"x":0,"y":0,"z":0},"time":3.7},{"delta_spin":{"x":0,"y":0,"z":0},"spin":{"x":0,"y":0,"z":0},"time":3.8},{"delta_spin":{"x":0,"y":0,"z":0},"spin":{"x":0,"y":0,"z":0},"time":3.9},{"delta_spin":{"x":0,"y":0,"z":0},"spin":{"x":0,"y":0,"z":0},"time":4},{"delta_spin":{"x":0,"y":0,"z":0},"spin":{"x":0,"y":0,"z":0},"time":4.1},{"delta_spin":{"x":0,"y":0,"z":0},"spin":{"x":0,"y":0,"z":0},"time":4.2},{"delta_spin":{"x":0,"y":0,"z":0},"spin":{"x":0,"y":0,"z":0},"time":4.3},{"delta_spin":{"x":0,"y":0,"z":0},"spin":{"x":0,"y":0,"z":0},"time":4.4},{"delta_spin":{"x":0,"y":0,"z":0},"spin":{"x":0,"y":0,"z":0},"time":4.5},{"delta_spin":{"x":0,"y":0,"z":0},"spin":{"x":0,"y":0,"z":0},"time":4.6},{"delta_spin":{"x":0,"y":0,"z":0},"spin":{"x":0,"y":0,"z":0},"time":4.7},{"delta_spin":{"x":0,"y":0,"z":0},"spin":{"x":0,"y":0,"z":0},"time":4.8},{"delta_spin":{"x":0,"y":0,"z":0},"spin":{"x":0,"y":0,"z":0},"time":4.9},{"delta_spin":{"x":0,"y":0,"z":0},"spin":{"x":0,"y":0,"z":0},"time":5}],"velocity_data":[{"delta_velocity":{"x":0,"y":0,"z":0},"time":0,"velocity":{"x":0,"y":15,"z":-1000}},{"delta_velocity":{"x":0,"y":1.05828762054443,"z":-5.5130615234375},"time":0.1,"velocity":{"x":0,"y":13.9417123794556,"z":-994.4869384765625}},{"delta_velocity":{"x":0,"y":2.22471523284912,"z":-21.80914306640625},"time":0.2,"velocity":{"x":0,"y":11.7169971466064,"z":-972.67779541015625}},{"delta_velocity":{"x":0,"y":3.36642360687256,"z":-46.9404296875},"time":0.3,"velocity":{"x":0,"y":8.35057353973389,"z":-925.73736572265625}},{"delta_velocity":{"x":0,"y":4.28543376922607,"z":-75.58734130859375},"time":0.4,"velocity":{"x":0,"y":4.06513977050781,"z":-850.1500244140625}},{"delta_velocity":{"x":0,"y":4.80660057067871,"z":-99.604736328125},"time":0.5,"velocity":{"x":0,"y":-0.74146103858948,"z":-750.5452880859375}},{"delta_velocity":{"x":0,"y":4.89882946014404,"z":-111.79486083984375},"time":0.6,"velocity":{"x":0,"y":-5.64029026031494,"z":-638.75042724609375}},{"delta_velocity":{"x":0,"y":4.70864772796631,"z":-110.22760009765625},"time":0.7,"velocity":{"x":0,"y":-10.34893798828125,"z":-528.5228271484375}},{"delta_velocity":{"x":0,"y":4.45293617248535,"z":-98.6082763671875},"time":0.8,"velocity":{"x":0,"y":-14.8018741607666,"z":-429.91455078125}},{"delta_velocity":{"x":0,"y":4.28591728210449,"z":-82.65191650390625},"time":0.9,"velocity":{"x":0,"y":-19.08779144287109,"z":-347.26263427734375}},{"delta_velocity":{"x":0,"y":4.25901794433594,"z":-66.70574951171875},"time":1,"velocity":{"x":0,"y":-23.34680938720703,"z":-280.556884765625}},{"delta_velocity":{"x":0,"y":4.35550498962402,"z":-52.88923645019531},"time":1.1,"velocity":{"x":0,"y":-27.70231437683105,"z":-227.66764831542969}},{"delta_velocity":{"x":0,"y":4.53166389465332,"z":-41.75856018066406},"time":1.2,"velocity":{"x":0,"y":-32.23397827148438,"z":-185.90908813476562}},{"delta_velocity":{"x":0,"y":4.73659515380859,"z":-33.12786865234375},"time":1.3,"velocity":{"x":0,"y":-36.97057342529297,"z":-152.78121948242188}},{"delta_velocity":{"x":0,"y":4.91516876220703,"z":-26.57259368896484},"time":1.4,"velocity":{"x":0,"y":-41.8857421875,"z":-126.20862579345703}},{"delta_velocity":{"x":0,"y":5.00461578369141,"z":-21.65226745605469},"time":1.5,"velocity":{"x":0,"y":-46.89035797119141,"z":-104.55635833740234}},{"delta_velocity":{"x":0,"y":4.93337631225586,"z":-17.97996520996094},"time":1.6,"velocity":{"x":0,"y":-51.82373428344727,"z":-86.57639312744141}},{"delta_velocity":{"x":0,"y":4.62928009033203,"z":-15.22681427001953},"time":1.7,"velocity":{"x":0,"y":-56.4530143737793,"z":-71.34957885742188}},{"delta_velocity":{"x":0,"y":4.04088973999023,"z":-13.10972595214844},"time":1.8,"velocity":{"x":0,"y":-60.49390411376953,"z":-58.23985290527344}},{"delta_velocity":{"x":0,"y":3.16636657714844,"z":-11.38747406005859},"time":1.9,"velocity":{"x":0,"y":-63.66027069091797,"z":-46.85237884521484}},{"delta_velocity":{"x":0,"y":2.07295989990234,"z":-9.87173461914062},"time":2,"velocity":{"x":0,"y":-65.73323059082031,"z":-36.98064422607422}},{"delta_velocity":{"x":0,"y":0.888885498046875,"z":-8.44354248046875},"time":2.1,"velocity":{"x":0,"y":-66.62211608886719,"z":-28.53710174560547}},{"delta_velocity":{"x":0,"y":-0.23468780517578,"z":-7.0584602355957},"time":2.2,"velocity":{"x":0,"y":-66.38742828369141,"z":-21.47864151000977}},{"delta_velocity":{"x":0,"y":-1.17292022705078,"z":-5.73145484924316},"time":2.3,"velocity":{"x":0,"y":-65.21450805664062,"z":-15.7471866607666}},{"delta_velocity":{"x":0,"y":-1.86109161376953,"z":-4.5072717666626},"time":2.4,"velocity":{"x":0,"y":-63.35341644287109,"z":-11.239914894104}},{"delta_velocity":{"x":0,"y":-2.29857635498047,"z":-3.43081665039062},"time":2.5,"velocity":{"x":0,"y":-61.05484008789062,"z":-7.80909824371338}},{"delta_velocity":{"x":0,"y":-2.52885818481445,"z":-2.52916860580444},"time":2.6,"velocity":{"x":0,"y":-58.52598190307617,"z":-5.27992963790894}},{"delta_velocity":{"x":0,"y":-2.6123046875,"z":-1.80728054046631},"time":2.7,"velocity":{"x":0,"y":-55.91367721557617,"z":-3.47264909744263}},{"delta_velocity":{"x":0,"y":-2.60538101196289,"z":-1.2524847984314},"time":2.8,"velocity":{"x":0,"y":-53.30829620361328,"z":-2.22016429901123}},{"delta_velocity":{"x":0,"y":-2.55072021484375,"z":-0.84181427955627},"time":2.9,"velocity":{"x":0,"y":-50.75757598876953,"z":-1.37835001945496}},{"delta_velocity":{"x":0,"y":-2.47578430175781,"z":-0.54843080043793},"time":3,"velocity":{"x":0,"y":-48.28179168701172,"z":-0.82991921901703}},{"delta_velocity":{"x":0,"y":-2.39596176147461,"z":-0.34599268436432},"time":3.1,"velocity":{"x":0,"y":-45.88582992553711,"z":-0.48392653465271}},{"delta_velocity":{"x":0,"y":-2.31863021850586,"z":-0.21110159158707},"time":3.2,"velocity":{"x":0,"y":-43.56719970703125,"z":-0.27282494306564}},{"delta_velocity":{"x":0,"y":-2.24665451049805,"z":-0.12437558174133},"time":3.3,"velocity":{"x":0,"y":-41.3205451965332,"z":-0.14844936132431}},{"delta_velocity":{"x":0,"y":-2.18068695068359,"z":-0.07064122706652},"time":3.4,"velocity":{"x":0,"y":-39.13985824584961,"z":-0.07780813425779}},{"delta_velocity":{"x":0,"y":-2.12044906616211,"z":-0.03860545903444},"time":3.5,"velocity":{"x":0,"y":-37.0194091796875,"z":-0.03920267522335}},{"delta_velocity":{"x":0,"y":-2.06539535522461,"z":-0.02025911025703},"time":3.6,"velocity":{"x":0,"y":-34.95401382446289,"z":-0.01894356496632}},{"delta_velocity":{"x":0,"y":-2.01494598388672,"z":-0.01018602773547},"time":3.7,"velocity":{"x":0,"y":-32.93906784057617,"z":-0.00875753723085}},{"delta_velocity":{"x":0,"y":-1.96852111816406,"z":-0.00489486241713},"time":3.8,"velocity":{"x":0,"y":-30.97054672241211,"z":-0.00386267481372}},{"delta_velocity":{"x":0,"y":-1.92570495605469,"z":-0.00224211299792},"time":3.9,"velocity":{"x":0,"y":-29.04484176635742,"z":-0.0016205618158}},{"delta_velocity":{"x":0,"y":-1.88607025146484,"z":-0.00097601953894},"time":4,"velocity":{"x":0,"y":-27.15877151489258,"z":-0.00064454227686}},{"delta_velocity":{"x":0,"y":-1.84928131103516,"z":-0.00040243641706},"time":4.1,"velocity":{"x":0,"y":-25.30949020385742,"z":-0.0002421058598}},{"delta_velocity":{"x":0,"y":-1.81504058837891,"z":-0.0001565846178},"time":4.2,"velocity":{"x":0,"y":-23.49444961547852,"z":-0.000085521242}},{"delta_velocity":{"x":0,"y":-1.78311920166016,"z":-0.00005725005394},"time":4.3,"velocity":{"x":0,"y":-21.71133041381836,"z":-0.00002827118806}},{"delta_velocity":{"x":0,"y":-1.75325012207031,"z":-0.00001957391032},"time":4.4,"velocity":{"x":0,"y":-19.95808029174805,"z":-0.00000869727774}},{"delta_velocity":{"x":0,"y":-1.72528457641602,"z":-0.00000622351718},"time":4.5,"velocity":{"x":0,"y":-18.23279571533203,"z":-0.00000247376056}},{"delta_velocity":{"x":0,"y":-1.69903182983398,"z":-0.00000182822157},"time":4.6,"velocity":{"x":0,"y":-16.53376388549805,"z":-0.00000064553899}},{"delta_velocity":{"x":0,"y":-1.67434692382812,"z":-0.00000049240657},"time":4.7,"velocity":{"x":0,"y":-14.85941696166992,"z":-0.00000015313242}},{"delta_velocity":{"x":0,"y":-1.65110015869141,"z":-0.0000001204818},"time":4.8,"velocity":{"x":0,"y":-13.20831680297852,"z":-0.00000003265062}},{"delta_velocity":{"x":0,"y":-1.6291618347168,"z":-0.00000002648085},"time":4.9,"velocity":{"x":0,"y":-11.57915496826172,"z":-0.00000000616977}},{"delta_velocity":{"x":0,"y":-1.60841751098633,"z":-0.00000000515512},"time":5,"velocity":{"x":0,"y":-9.97073745727539,"z":-0.00000000101465}}]}