{"spin_data":[{"delta_spin":{"x":0,"y":0,"z":0},"spin":{"x":0,"y":0,"z":0},"time":0},{"delta_spin":{"x":0,"y":0,"z":0},"spin":{"x":0,"y":0,"z":0},"time":0.1},{"delta_spin":{"x":0,"y":0,"z":0},"spin":{"x":0,"y":0,"z":0},"time":0.2},{"delta_spin":{"x":0,"y":0,"z":0},"spin":{"x":0,"y":0,"z":0},"time":0.3},{"delta_spin":{"x":0,"y":0,"z":0},"spin":{"x":0,"y":0,"z":0},"time":0.4},{"delta_spin":{"x":0,"y":0,"z":0},"spin":{"x":0,"y":0,"z":0},"time":0.5},{"delta_spin":{"x":0,"y":0,"z":0},"spin":{"x":0,"y":0,"z":0},"time":0.6},{"delta_spin":{"x":0,"y":0,"z":0},"spin":{"x":0,"y":0,"z":0},"time":0.7},{"delta_spin":{"x":0,"y":0,"z":0},"spin":{"x":0,"y":0,"z":0},"time":0.8},{"delta_spin":{"x":0,"y":0,"z":0},"spin":{"x":0,"y":0,"z":0},"time":0.9},{"delta_spin":{"x":0,"y":0,"z":0},"spin":{"x":0,"y":0,"z":0},"time":1},{"delta_spin":{"x":0,"y":0,"z":0},"spin":{"x":0,"y":0,"z":0},"time":1.1},{"delta_spin":{"x":0,"y":0,"z":0},"spin":{"x":0,"y":0,"z":0},"time":1.2},{"delta_spin":{"x":0,"y":0,"z":0},"spin":{"x":0,"y":0,"z":0},"time":1.3},{"delta_spin":{"x":0,"y":0,"z":0},"spin":{"x":0,"y":0,"z":0},"time":1.4},{"delta_spin":{"x":0,"y":0,"z":0},"spin":{"x":0,"y":0,"z":0},"time":1.5},{"delta_spin":{"x":0,"y":0,"z":0},"spin":{"x":0,"y":0,"z":0},"time":1.6},{"delta_spin":{"x":0,"y":0,"z":0},"spin":{"x":0,"y":0,"z":0},"time":1.7},{"delta_spin":{"x":0,"y":0,"z":0},"spin":{"x":0,"y":0,"z":0},"time":1.8},{"delta_spin":{"x":0,"y":0,"z":0},"spin":{"x":0,"y":0,"z":0},"time":1.9},{"delta_spin":{"x":0,"y":0,"z":0},"spin":{"x":0,"y":0,"z":0},"time":2},{"delta_spin":{"x":0,"y":0,"z":0},"spin":{"x":0,"y":0,"z":0},"time":2.1},{"delta_spin":{"x":0,"y":0,"z":0},"spin":{"x":0,"y":0,"z":0},"time":2.2},{"delta_spin":{"x":0,"y":0,"z":0},"spin":{"x":0,"y":0,"z":0},"time":2.3},{"delta_spin":{"x":0,"y":0,"z":0},"spin":{"x":0,"y":0,"z":0},"time":2.4},{"delta_spin":{"x":0,"y":0,"z":0},"spin":{"x":0,"y":0,"z":0},"time":2.5},{"delta_spin":{"x":0,"y":0,"z":0},"spin":{"x":0,"y":0,"z":0},"time":2.6},{"delta_spin":{"x":0,"y":0,"z":0},"spin":{"x":0,"y":0,"z":0},"time":2.7},{"delta_spin":{"x":0,"y":0,"z":0},"spin":{"x":0,"y":0,"z":0},"time":2.8},{"delta_spin":{"x":0,"y":0,"z":0},"spin":{"x":0,"y":0,"z":0},"time":2.9},{"delta_spin":{"x":0,"y":0,"z":0},"spin":{"x":0,"y":0,"z":0},"time":3},{"delta_spin":{"x":0,"y":0,"z":0},"spin":{"x":0,"y":0,"z":0},"time":3.1},{"delta_spin":{"x":0,"y":0,"z":0},"spin":{"x":0,"y":0,"z":0},"time":3.2},{"delta_spin":{"x":0,"y":0,"z":0},"spin":{"x":0,"y":0,"z":0},"time":3.3},{"delta_spin":{"x":0,"y":0,"z":0},"spin":{"x":0,"y":0,"z":0},"time":3.4},{"delta_spin":{"x":0,"y":0,"z":0},"spin":{"x":0,"y":0,"z":0},"time":3.5},{"delta_spin":{"x":0,"y":0,"z":0},"spin":{"x":0,"y":0,"z":0},"time":3.6},{"delta_spin":{"x":0,"y":0,"z":0},"spin":{"x":0,"y":0,"z":0},"time":3.7},{"delta_spin":{"x":0,"y":0,"z":0},"spin":{"x":0,"y":0,"z":0},"time":3.8},{"delta_spin":{"x":0,"y":0,"z":0},"spin":{"x":0,"y":0,"z":0},"time":3.9},{"delta_spin":{"x":0,"y":0,"z":0},"spin":{"x":0,"y":0,"z":0},"time":4},{"delta_spin":{"x":0,"y":0,"z":0},"spin":{"x":0,"y":0,"z":0},"time":4.1},{"delta_spin":{"x":0,"y":0,"z":0},"spin":{"x":0,"y":0,"z":0},"time":4.2},{"delta_spin":{"x":0,"y":0,"z":0},"spin":{"x":0,"y":0,"z":0},"time":4.3},{"delta_spin":{"x":0,"y":0,"z":0},"spin":{"x":0,"y":0,"z":0},"time":4.4},{"delta_spin":{"x":0,"y":0,"z":0},"spin":{"x":0,"y":0,"z":0},"time":4.5},{"delta_spin":{"x":0,"y":0,"z":0},"spin":{"x":0,"y":0,"z":0},"time":4.6},{"delta_spin":{"x":0,"y":0,"z":0},"spin":{"x":0,"y":0,"z":0},"time":4.7},{"delta_spin":{"x":0,"y":0,"z":0},"spin":{"x":0,"y":0,"z":0},"time":4.8},{"delta_spin":{"x":0,"y":0,"z":0},"spin":{"x":0,"y":0,"z":0},"time":4.9},{"delta_spin":{"x":0,"y":0,"z":0},"spin":{"x":0,"y":0,"z":0},"time":5}],"velocity_data":[{"delta_velocity":{"x":0,"y":0,"z":0},"time":0,"velocity":{"x":0,"y":5,"z":-1000}},{"delta_velocity":{"x":0,"y":0.98321533203125,"z":-0.55126953125},"time":0.1,"velocity":{"x":0,"y":4.01678466796875,"z":-999.44873046875}},{"delta_velocity":{"x":0,"y":1.96652817726135,"z":-2.20257568359375},"time":0.2,"velocity":{"x":0,"y":2.0502564907074,"z":-997.24615478515625}},{"delta_velocity":{"x":0,"y":2.93858313560486,"z":-4.9339599609375},"time":0.3,"velocity":{"x":0,"y":-0.88832658529282,"z":-992.31219482421875}},{"delta_velocity":{"x":0,"y":3.88188076019287,"z":-8.68499755859375},"time":0.4,"velocity":{"x":0,"y":-4.77020740509033,"z":-983.627197265625}},{"delta_velocity":{"x":0,"y":4.77383995056152,"z":-13.33428955078125},"time":0.5,"velocity":{"x":0,"y":-9.54404735565186,"z":-970.29290771484375}},{"delta_velocity":{"x":0,"y":5.58884906768799,"z":-18.685791015625},"time":0.6,"velocity":{"x":0,"y":-15.13289642333984,"z":-951.60711669921875}},{"delta_velocity":{"x":0,"y":6.30136108398438,"z":-24.46673583984375},"time":0.7,"velocity":{"x":0,"y":-21.43425750732422,"z":-927.140380859375}},{"delta_velocity":{"x":0,"y":6.88971328735352,"z":-30.3414306640625},"time":0.8,"velocity":{"x":0,"y":-28.32397079467773,"z":-896.7989501953125}},{"delta_velocity":{"x":0,"y":7.34000015258789,"z":-35.9415283203125},"time":0.9,"velocity":{"x":0,"y":-35.66397094726562,"z":-860.857421875}},{"delta_velocity":{"x":0,"y":7.6490364074707,"z":-40.90875244140625},"time":1,"velocity":{"x":0,"y":-43.31300735473633,"z":-819.94866943359375}},{"delta_velocity":{"x":0,"y":7.82553100585938,"z":-44.94183349609375},"time":1.1,"velocity":{"x":0,"y":-51.1385383605957,"z":-775.0068359375}},{"delta_velocity":{"x":0,"y":7.88901138305664,"z":-47.83526611328125},"time":1.2,"velocity":{"x":0,"y":-59.02754974365234,"z":-727.17156982421875}},{"delta_velocity":{"x":0,"y":7.86664581298828,"z":-49.5010986328125},"time":1.3,"velocity":{"x":0,"y":-66.89419555664062,"z":-677.67047119140625}},{"delta_velocity":{"x":0,"y":7.78885650634766,"z":-49.96826171875},"time":1.4,"velocity":{"x":0,"y":-74.68305206298828,"z":-627.70220947265625}},{"delta_velocity":{"x":0,"y":7.68470764160156,"z":-49.36273193359375},"time":1.5,"velocity":{"x":0,"y":-82.36775970458984,"z":-578.3394775390625}},{"delta_velocity":{"x":0,"y":7.57826232910156,"z":-47.87506103515625},"time":1.6,"velocity":{"x":0,"y":-89.94602203369141,"z":-530.46441650390625}},{"delta_velocity":{"x":0,"y":7.48618316650391,"z":-45.7255859375},"time":1.7,"velocity":{"x":0,"y":-97.43220520019531,"z":-484.73883056640625}},{"delta_velocity":{"x":0,"y":7.41686248779297,"z":-43.1337890625},"time":1.8,"velocity":{"x":0,"y":-104.84906768798828,"z":-441.60504150390625}},{"delta_velocity":{"x":0,"y":7.37056732177734,"z":-40.2969970703125},"time":1.9,"velocity":{"x":0,"y":-112.21963500976562,"z":-401.30804443359375}},{"delta_velocity":{"x":0,"y":7.34027862548828,"z":-37.37835693359375},"time":2,"velocity":{"x":0,"y":-119.55991363525391,"z":-363.9296875}},{"delta_velocity":{"x":0,"y":7.3128662109375,"z":-34.50283813476562},"time":2.1,"velocity":{"x":0,"y":-126.87277984619141,"z":-329.42684936523438}},{"delta_velocity":{"x":0,"y":7.27017974853516,"z":-31.75845336914062},"time":2.2,"velocity":{"x":0,"y":-134.14295959472656,"z":-297.66839599609375}},{"delta_velocity":{"x":0,"y":7.19058227539062,"z":-29.20046997070312},"time":2.3,"velocity":{"x":0,"y":-141.33354187011719,"z":-268.46792602539062}},{"delta_velocity":{"x":0,"y":7.05027770996094,"z":-26.85652160644531},"time":2.4,"velocity":{"x":0,"y":-148.38381958007812,"z":-241.61140441894531}},{"delta_velocity":{"x":0,"y":6.82550048828125,"z":-24.73211669921875},"time":2.5,"velocity":{"x":0,"y":-155.20932006835938,"z":-216.87928771972656}},{"delta_velocity":{"x":0,"y":6.49501037597656,"z":-22.81538391113281},"time":2.6,"velocity":{"x":0,"y":-161.70433044433594,"z":-194.06390380859375}},{"delta_velocity":{"x":0,"y":6.04301452636719,"z":-21.08193969726562},"time":2.7,"velocity":{"x":0,"y":-167.74734497070312,"z":-172.98196411132812}},{"delta_velocity":{"x":0,"y":5.46234130859375,"z":-19.49940490722656},"time":2.8,"velocity":{"x":0,"y":-173.20968627929688,"z":-153.48255920410156}},{"delta_velocity":{"x":0,"y":4.75669860839844,"z":-18.0322265625},"time":2.9,"velocity":{"x":0,"y":-177.96638488769531,"z":-135.45033264160156}},{"delta_velocity":{"x":0,"y":3.94203186035156,"z":-16.64615631103516},"time":3,"velocity":{"x":0,"y":-181.90841674804688,"z":-118.80417633056641}},{"delta_velocity":{"x":0,"y":3.04568481445312,"z":-15.31237030029297},"time":3.1,"velocity":{"x":0,"y":-184.9541015625,"z":-103.49180603027344}},{"delta_velocity":{"x":0,"y":2.10379028320312,"z":-14.01036834716797},"time":3.2,"velocity":{"x":0,"y":-187.05789184570312,"z":-89.48143768310547}},{"delta_velocity":{"x":0,"y":1.15711975097656,"z":-12.72948455810547},"time":3.3,"velocity":{"x":0,"y":-188.21501159667969,"z":-76.751953125}},{"delta_velocity":{"x":0,"y":0.246047973632812,"z":-11.46866607666016},"time":3.4,"velocity":{"x":0,"y":-188.4610595703125,"z":-65.28328704833984}},{"delta_velocity":{"x":0,"y":-0.59402465820312,"z":-10.23484039306641},"time":3.5,"velocity":{"x":0,"y":-187.86703491210938,"z":-55.04844665527344}},{"delta_velocity":{"x":0,"y":-1.33622741699219,"z":-9.04032897949219},"time":3.6,"velocity":{"x":0,"y":-186.53080749511719,"z":-46.00811767578125}},{"delta_velocity":{"x":0,"y":-1.96400451660156,"z":-7.89989471435547},"time":3.7,"velocity":{"x":0,"y":-184.56680297851562,"z":-38.10822296142578}},{"delta_velocity":{"x":0,"y":-2.47126770019531,"z":-6.82808113098145},"time":3.8,"velocity":{"x":0,"y":-182.09553527832031,"z":-31.28014183044434}},{"delta_velocity":{"x":0,"y":-2.861083984375,"z":-5.83714866638184},"time":3.9,"velocity":{"x":0,"y":-179.23445129394531,"z":-25.4429931640625}},{"delta_velocity":{"x":0,"y":-3.14332580566406,"z":-4.93585968017578},"time":4,"velocity":{"x":0,"y":-176.09112548828125,"z":-20.50713348388672}},{"delta_velocity":{"x":0,"y":-3.33229064941406,"z":-4.12900161743164},"time":4.1,"velocity":{"x":0,"y":-172.75883483886719,"z":-16.37813186645508}},{"delta_velocity":{"x":0,"y":-3.44418334960938,"z":-3.41754722595215},"time":4.2,"velocity":{"x":0,"y":-169.31465148925781,"z":-12.96058464050293}},{"delta_velocity":{"x":0,"y":-3.49537658691406,"z":-2.79917240142822},"time":4.3,"velocity":{"x":0,"y":-165.81927490234375,"z":-10.16141223907471}},{"delta_velocity":{"x":0,"y":-3.5008544921875,"z":-2.26898860931396},"time":4.4,"velocity":{"x":0,"y":-162.31842041015625,"z":-7.89242362976074}},{"delta_velocity":{"x":0,"y":-3.4736328125,"z":-1.82030534744263},"time":4.5,"velocity":{"x":0,"y":-158.84478759765625,"z":-6.07211828231812}},{"delta_velocity":{"x":0,"y":-3.42437744140625,"z":-1.44532299041748},"time":4.6,"velocity":{"x":0,"y":-155.42041015625,"z":-4.62679529190063}},{"delta_velocity":{"x":0,"y":-3.36129760742188,"z":-1.13572478294373},"time":4.7,"velocity":{"x":0,"y":-152.05911254882812,"z":-3.49107050895691}},{"delta_velocity":{"x":0,"y":-3.29057312011719,"z":-0.88314175605774},"time":4.8,"velocity":{"x":0,"y":-148.76853942871094,"z":-2.60792875289917}},{"delta_velocity":{"x":0,"y":-3.21652221679688,"z":-0.67948913574219},"time":4.9,"velocity":{"x":0,"y":-145.55201721191406,"z":-1.92843961715698}},{"delta_velocity":{"x":0,"y":-3.14207458496094,"z":-0.51720571517944},"time":5,"velocity":{"x":0,"y":-142.40994262695312,"z":-1.41123390197754}}]}