{"spin_data":[{"delta_spin":{"x":0,"y":0,"z":0},"spin":{"x":0,"y":0,"z":0},"time":0},{"delta_spin":{"x":0,"y":0,"z":0},"spin":{"x":0,"y":0,"z":0},"time":0.1},{"delta_spin":{"x":0,"y":0,"z":0},"spin":{"x":0,"y":0,"z":0},"time":0.2},{"delta_spin":{"x":0,"y":0,"z":0},"spin":{"x":0,"y":0,"z":0},"time":0.3},{"delta_spin":{"x":0,"y":0,"z":0},"spin":{"x":0,"y":0,"z":0},"time":0.4},{"delta_spin":{"x":0,"y":0,"z":0},"spin":{"x":0,"y":0,"z":0},"time":0.5},{"delta_spin":{"x":0,"y":0,"z":0},"spin":{"x":0,"y":0,"z":0},"time":0.6},{"delta_spin":{"x":0,"y":0,"z":0},"spin":{"x":0,"y":0,"z":0},"time":0.7},{"delta_spin":{"x":0,"y":0,"z":0},"spin":{"x":0,"y":0,"z":0},"time":0.8},{"delta_spin":{"x":0,"y":0,"z":0},"spin":{"x":0,"y":0,"z":0},"time":0.9},{"delta_spin":{"x":0,"y":0,"z":0},"spin":{"x":0,"y":0,"z":0},"time":1},{"delta_spin":{"x":0,"y":0,"z":0},"spin":{"x":0,"y":0,"z":0},"time":1.1},{"delta_spin":{"x":0,"y":0,"z":0},"spin":{"x":0,"y":0,"z":0},"time":1.2},{"delta_spin":{"x":0,"y":0,"z":0},"spin":{"x":0,"y":0,"z":0},"time":1.3},{"delta_spin":{"x":0,"y":0,"z":0},"spin":{"x":0,"y":0,"z":0},"time":1.4},{"delta_spin":{"x":0,"y":0,"z":0},"spin":{"x":0,"y":0,"z":0},"time":1.5},{"delta_spin":{"x":0,"y":0,"z":0},"spin":{"x":0,"y":0,"z":0},"time":1.6},{"delta_spin":{"x":0,"y":0,"z":0},"spin":{"x":0,"y":0,"z":0},"time":1.7},{"delta_spin":{"x":0,"y":0,"z":0},"spin":{"x":0,"y":0,"z":0},"time":1.8},{"delta_spin":{"x":0,"y":0,"z":0},"spin":{"x":0,"y":0,"z":0},"time":1.9},{"delta_spin":{"x":0,"y":0,"z":0},"spin":{"x":0,"y":0,"z":0},"time":2},{"delta_spin":{"x":0,"y":0,"z":0},"spin":{"x":0,"y":0,"z":0},"time":2.1},{"delta_spin":{"x":0,"y":0,"z":0},"spin":{"x":0,"y":0,"z":0},"time":2.2},{"delta_spin":{"x":0,"y":0,"z":0},"spin":{"x":0,"y":0,"z":0},"time":2.3},{"delta_spin":{"x":0,"y":0,"z":0},"spin":{"x":0,"y":0,"z":0},"time":2.4},{"delta_spin":{"x":0,"y":0,"z":0},"spin":{"x":0,"y":0,"z":0},"time":2.5},{"delta_spin":{"x":0,"y":0,"z":0},"spin":{"x":0,"y":0,"z":0},"time":2.6},{"delta_spin":{"x":0,"y":0,"z":0},"spin":{"x":0,"y":0,"z":0},"time":2.7},{"delta_spin":{"x":0,"y":0,"z":0},"spin":{"x":0,"y":0,"z":0},"time":2.8},{"delta_spin":{"x":0,"y":0,"z":0},"spin":{"x":0,"y":0,"z":0},"time":2.9},{"delta_spin":{"x":0,"y":0,"z":0},"spin":{"x":0,"y":0,"z":0},"time":3},{"delta_spin":{"x":0,"y":0,"z":0},"spin":{"x":0,"y":0,"z":0},"time":3.1},{"delta_spin":{"x":0,"y":0,"z":0},"spin":{"x":0,"y":0,"z":0},"time":3.2},{"delta_spin":{"x":0,"y":0,"z":0},"spin":{"x":0,"y":0,"z":0},"time":3.3},{"delta_spin":{"x":0,"y":0,"z":0},"spin":{"x":0,"y":0,"z":0},"time":3.4},{"delta_spin":{"x":0,"y":0,"z":0},"spin":{"x":0,"y":0,"z":0},"time":3.5},{"delta_spin":{"x":0,"y":0,"z":0},"spin":{"x":0,"y":0,"z":0},"time":3.6},{"delta_spin":{"x":0,"y":0,"z":0},"spin":{"x":0,"y":0,"z":0},"time":3.7},{"delta_spin":{"x":0,"y":0,"z":0},"spin":{"x":0,"y":0,"z":0},"time":3.8},{"delta_spin":{"x":0,"y":0,"z":0},"spin":{"x":0,"y":0,"z":0},"time":3.9},{"delta_spin":{"x":0,"y":0,"z":0},"spin":{"x":0,"y":0,"z":0},"time":4},{"delta_spin":{"x":0,"y":0,"z":0},"spin":{"x":0,"y":0,"z":0},"time":4.1},{"delta_spin":{"x":0,"y":0,"z":0},"spin":{"x":0,"y":0,"z":0},"time":4.2},{"delta_spin":{"x":0,"y":0,"z":0},"spin":{"x":0,"y":0,"z":0},"time":4.3},{"delta_spin":{"x":0,"y":0,"z":0},"spin":{"x":0,"y":0,"z":0},"time":4.4},{"delta_spin":{"x":0,"y":0,"z":0},"spin":{"x":0,"y":0,"z":0},"time":4.5},{"delta_spin":{"x":0,"y":0,"z":0},"spin":{"x":0,"y":0,"z":0},"time":4.6},{"delta_spin":{"x":0,"y":0,"z":0},"spin":{"x":0,"y":0,"z":0},"time":4.7},{"delta_spin":{"x":0,"y":0,"z":0},"spin":{"x":0,"y":0,"z":0},"time":4.8},{"delta_spin":{"x":0,"y":0,"z":0},"spin":{"x":0,"y":0,"z":0},"time":4.9},{"delta_spin":{"x":0,"y":0,"z":0},"spin":{"x":0,"y":0,"z":0},"time":5}],"velocity_data":[{"delta_velocity":{"x":0,"y":0,"z":0},"time":0,"velocity":{"x":0,"y":10,"z":-1000}},{"delta_velocity":{"x":0,"y":1.00840091705322,"z":-3.03814697265625},"time":0.1,"velocity":{"x":0,"y":8.99159908294678,"z":-996.96185302734375}},{"delta_velocity":{"x":0,"y":2.04716634750366,"z":-12.07855224609375},"time":0.2,"velocity":{"x":0,"y":6.94443273544312,"z":-984.88330078125}},{"delta_velocity":{"x":0,"y":3.05075407028198,"z":-26.5218505859375},"time":0.3,"velocity":{"x":0,"y":3.89367866516113,"z":-958.3614501953125}},{"delta_velocity":{"x":0,"y":3.92258739471436,"z":-44.64434814453125},"time":0.4,"velocity":{"x":0,"y":-0.02890884503722,"z":-913.71710205078125}},{"delta_velocity":{"x":0,"y":4.56259775161743,"z":-63.40997314453125},"time":0.5,"velocity":{"x":0,"y":-4.59150648117065,"z":-850.30712890625}},{"delta_velocity":{"x":0,"y":4.91155576705933,"z":-79.08148193359375},"time":0.6,"velocity":{"x":0,"y":-9.50306224822998,"z":-771.22564697265625}},{"delta_velocity":{"x":0,"y":4.98719215393066,"z":-88.5614013671875},"time":0.7,"velocity":{"x":0,"y":-14.49025440216064,"z":-682.66424560546875}},{"delta_velocity":{"x":0,"y":4.8814172744751,"z":-90.65972900390625},"time":0.8,"velocity":{"x":0,"y":-19.37167167663574,"z":-592.0045166015625}},{"delta_velocity":{"x":0,"y":4.71608924865723,"z":-86.340576171875},"time":0.9,"velocity":{"x":0,"y":-24.08776092529297,"z":-505.6639404296875}},{"delta_velocity":{"x":0,"y":4.59091567993164,"z":-77.85479736328125},"time":1,"velocity":{"x":0,"y":-28.67867660522461,"z":-427.80914306640625}},{"delta_velocity":{"x":0,"y":4.55756759643555,"z":-67.56375122070312},"time":1.1,"velocity":{"x":0,"y":-33.23624420166016,"z":-360.24539184570312}},{"delta_velocity":{"x":0,"y":4.62367630004883,"z":-57.215087890625},"time":1.2,"velocity":{"x":0,"y":-37.85992050170898,"z":-303.03030395507812}},{"delta_velocity":{"x":0,"y":4.76943969726562,"z":-47.79927062988281},"time":1.3,"velocity":{"x":0,"y":-42.62936019897461,"z":-255.23103332519531}},{"delta_velocity":{"x":0,"y":4.96169662475586,"z":-39.7237548828125},"time":1.4,"velocity":{"x":0,"y":-47.59105682373047,"z":-215.50727844238281}},{"delta_velocity":{"x":0,"y":5.16080093383789,"z":-33.04653930664062},"time":1.5,"velocity":{"x":0,"y":-52.75185775756836,"z":-182.46073913574219}},{"delta_velocity":{"x":0,"y":5.32195663452148,"z":-27.65397644042969},"time":1.6,"velocity":{"x":0,"y":-58.07381439208984,"z":-154.8067626953125}},{"delta_velocity":{"x":0,"y":5.39461517333984,"z":-23.36549377441406},"time":1.7,"velocity":{"x":0,"y":-63.46842956542969,"z":-131.44126892089844}},{"delta_velocity":{"x":0,"y":5.32368469238281,"z":-19.98408508300781},"time":1.8,"velocity":{"x":0,"y":-68.7921142578125,"z":-111.45718383789062}},{"delta_velocity":{"x":0,"y":5.05582427978516,"z":-17.31582641601562},"time":1.9,"velocity":{"x":0,"y":-73.84793853759766,"z":-94.141357421875}},{"delta_velocity":{"x":0,"y":4.55210876464844,"z":-15.17645263671875},"time":2,"velocity":{"x":0,"y":-78.40004730224609,"z":-78.96490478515625}},{"delta_velocity":{"x":0,"y":3.80432891845703,"z":-13.39730072021484},"time":2.1,"velocity":{"x":0,"y":-82.20437622070312,"z":-65.56760406494141}},{"delta_velocity":{"x":0,"y":2.84756469726562,"z":-11.83557891845703},"time":2.2,"velocity":{"x":0,"y":-85.05194091796875,"z":-53.73202514648438}},{"delta_velocity":{"x":0,"y":1.76020050048828,"z":-10.38681793212891},"time":2.3,"velocity":{"x":0,"y":-86.81214141845703,"z":-43.34520721435547}},{"delta_velocity":{"x":0,"y":0.648109436035156,"z":-8.99295043945312},"time":2.4,"velocity":{"x":0,"y":-87.46025085449219,"z":-34.35225677490234}},{"delta_velocity":{"x":0,"y":-0.38179779052734,"z":-7.64033508300781},"time":2.5,"velocity":{"x":0,"y":-87.07845306396484,"z":-26.71192169189453}},{"delta_velocity":{"x":0,"y":-1.2476806640625,"z":-6.34760856628418},"time":2.6,"velocity":{"x":0,"y":-85.83077239990234,"z":-20.36431312561035}},{"delta_velocity":{"x":0,"y":-1.90760040283203,"z":-5.14822006225586},"time":2.7,"velocity":{"x":0,"y":-83.92317199707031,"z":-15.21609306335449}},{"delta_velocity":{"x":0,"y":-2.35971069335938,"z":-4.07448196411133},"time":2.8,"velocity":{"x":0,"y":-81.56346130371094,"z":-11.14161109924316}},{"delta_velocity":{"x":0,"y":-2.63117980957031,"z":-3.14767265319824},"time":2.9,"velocity":{"x":0,"y":-78.93228149414062,"z":-7.99393844604492}},{"delta_velocity":{"x":0,"y":-2.76327514648438,"z":-2.37491321563721},"time":3,"velocity":{"x":0,"y":-76.16900634765625,"z":-5.61902523040771}},{"delta_velocity":{"x":0,"y":-2.79872894287109,"z":-1.75085663795471},"time":3.1,"velocity":{"x":0,"y":-73.37027740478516,"z":-3.868168592453}},{"delta_velocity":{"x":0,"y":-2.77394866943359,"z":-1.26151943206787},"time":3.2,"velocity":{"x":0,"y":-70.59632873535156,"z":-2.60664916038513}},{"delta_velocity":{"x":0,"y":-2.71595764160156,"z":-0.88827037811279},"time":3.3,"velocity":{"x":0,"y":-67.88037109375,"z":-1.71837878227234}},{"delta_velocity":{"x":0,"y":-2.642822265625,"z":-0.61101937294006},"time":3.4,"velocity":{"x":0,"y":-65.237548828125,"z":-1.10735940933228}},{"delta_velocity":{"x":0,"y":-2.56531143188477,"z":-0.41037309169769},"time":3.5,"velocity":{"x":0,"y":-62.67223739624023,"z":-0.69698631763458}},{"delta_velocity":{"x":0,"y":-2.48920440673828,"z":-0.26890689134598},"time":3.6,"velocity":{"x":0,"y":-60.18303298950195,"z":-0.4280794262886}},{"delta_velocity":{"x":0,"y":-2.41720962524414,"z":-0.17177397012711},"time":3.7,"velocity":{"x":0,"y":-57.76582336425781,"z":-0.2563054561615}},{"delta_velocity":{"x":0,"y":-2.35019683837891,"z":-0.10686567425728},"time":3.8,"velocity":{"x":0,"y":-55.41562652587891,"z":-0.14943978190422}},{"delta_velocity":{"x":0,"y":-2.28826141357422,"z":-0.06468533724546},"time":3.9,"velocity":{"x":0,"y":-53.12736511230469,"z":-0.08475444465876}},{"delta_velocity":{"x":0,"y":-2.23104858398438,"z":-0.03805300220847},"time":4,"velocity":{"x":0,"y":-50.89631652832031,"z":-0.04670144245028}},{"delta_velocity":{"x":0,"y":-2.17816925048828,"z":-0.02173135243356},"time":4.1,"velocity":{"x":0,"y":-48.71814727783203,"z":-0.02497009001672}},{"delta_velocity":{"x":0,"y":-2.12916564941406,"z":-0.01203271001577},"time":4.2,"velocity":{"x":0,"y":-46.58898162841797,"z":-0.01293738000095}},{"delta_velocity":{"x":0,"y":-2.08364105224609,"z":-0.00645129615441},"time":4.3,"velocity":{"x":0,"y":-44.50534057617188,"z":-0.00648608384654}},{"delta_velocity":{"x":0,"y":-2.04122543334961,"z":-0.00334444013424},"time":4.4,"velocity":{"x":0,"y":-42.46411514282227,"z":-0.0031416437123}},{"delta_velocity":{"x":0,"y":-2.00163269042969,"z":-0.00167391472496},"time":4.5,"velocity":{"x":0,"y":-40.46248245239258,"z":-0.00146772898734}},{"delta_velocity":{"x":0,"y":-1.96458053588867,"z":-0.0008075410733},"time":4.6,"velocity":{"x":0,"y":-38.49790191650391,"z":-0.00066018791404}},{"delta_velocity":{"x":0,"y":-1.92984771728516,"z":-0.00037484054337},"time":4.7,"velocity":{"x":0,"y":-36.56805419921875,"z":-0.00028534737066}},{"delta_velocity":{"x":0,"y":-1.897216796875,"z":-0.00016708657495},"time":4.8,"velocity":{"x":0,"y":-34.67083740234375,"z":-0.00011826079572}},{"delta_velocity":{"x":0,"y":-1.86648941040039,"z":-0.00007137323701},"time":4.9,"velocity":{"x":0,"y":-32.80434799194336,"z":-0.00004688755871}},{"delta_velocity":{"x":0,"y":-1.83752059936523,"z":-0.00002914923607},"time":5,"velocity":{"x":0,"y":-30.96682739257812,"z":-0.00001773832264}}]}