{"spin_data":[{"delta_spin":{"x":0,"y":0,"z":0},"spin":{"x":0,"y":0,"z":0},"time":0},{"delta_spin":{"x":0,"y":0,"z":0},"spin":{"x":0,"y":0,"z":0},"time":0.1},{"delta_spin":{"x":0,"y":0,"z":0},"spin":{"x":0,"y":0,"z":0},"time":0.2},{"delta_spin":{"x":0,"y":0,"z":0},"spin":{"x":0,"y":0,"z":0},"time":0.3},{"delta_spin":{"x":0,"y":0,"z":0},"spin":{"x":0,"y":0,"z":0},"time":0.4},{"delta_spin":{"x":0,"y":0,"z":0},"spin":{"x":0,"y":0,"z":0},"time":0.5},{"delta_spin":{"x":0,"y":0,"z":0},"spin":{"x":0,"y":0,"z":0},"time":0.6},{"delta_spin":{"x":0,"y":0,"z":0},"spin":{"x":0,"y":0,"z":0},"time":0.7},{"delta_spin":{"x":0,"y":0,"z":0},"spin":{"x":0,"y":0,"z":0},"time":0.8},{"delta_spin":{"x":0,"y":0,"z":0},"spin":{"x":0,"y":0,"z":0},"time":0.9},{"delta_spin":{"x":0,"y":0,"z":0},"spin":{"x":0,"y":0,"z":0},"time":1},{"delta_spin":{"x":0,"y":0,"z":0},"spin":{"x":0,"y":0,"z":0},"time":1.1},{"delta_spin":{"x":0,"y":0,"z":0},"spin":{"x":0,"y":0,"z":0},"time":1.2},{"delta_spin":{"x":0,"y":0,"z":0},"spin":{"x":0,"y":0,"z":0},"time":1.3},{"delta_spin":{"x":0,"y":0,"z":0},"spin":{"x":0,"y":0,"z":0},"time":1.4},{"delta_spin":{"x":0,"y":0,"z":0},"spin":{"x":0,"y":0,"z":0},"time":1.5},{"delta_spin":{"x":0,"y":0,"z":0},"spin":{"x":0,"y":0,"z":0},"time":1.6},{"delta_spin":{"x":0,"y":0,"z":0},"spin":{"x":0,"y":0,"z":0},"time":1.7},{"delta_spin":{"x":0,"y":0,"z":0},"spin":{"x":0,"y":0,"z":0},"time":1.8},{"delta_spin":{"x":0,"y":0,"z":0},"spin":{"x":0,"y":0,"z":0},"time":1.9},{"delta_spin":{"x":0,"y":0,"z":0},"spin":{"x":0,"y":0,"z":0},"time":2},{"delta_spin":{"x":0,"y":0,"z":0},"spin":{"x":0,"y":0,"z":0},"time":2.1},{"delta_spin":{"x":0,"y":0,"z":0},"spin":{"x":0,"y":0,"z":0},"time":2.2},{"delta_spin":{"x":0,"y":0,"z":0},"spin":{"x":0,"y":0,"z":0},"time":2.3},{"delta_spin":{"x":0,"y":0,"z":0},"spin":{"x":0,"y":0,"z":0},"time":2.4},{"delta_spin":{"x":0,"y":0,"z":0},"spin":{"x":0,"y":0,"z":0},"time":2.5},{"delta_spin":{"x":0,"y":0,"z":0},"spin":{"x":0,"y":0,"z":0},"time":2.6},{"delta_spin":{"x":0,"y":0,"z":0},"spin":{"x":0,"y":0,"z":0},"time":2.7},{"delta_spin":{"x":0,"y":0,"z":0},"spin":{"x":0,"y":0,"z":0},"time":2.8},{"delta_spin":{"x":0,"y":0,"z":0},"spin":{"x":0,"y":0,"z":0},"time":2.9},{"delta_spin":{"x":0,"y":0,"z":0},"spin":{"x":0,"y":0,"z":0},"time":3},{"delta_spin":{"x":0,"y":0,"z":0},"spin":{"x":0,"y":0,"z":0},"time":3.1},{"delta_spin":{"x":0,"y":0,"z":0},"spin":{"x":0,"y":0,"z":0},"time":3.2},{"delta_spin":{"x":0,"y":0,"z":0},"spin":{"x":0,"y":0,"z":0},"time":3.3},{"delta_spin":{"x":0,"y":0,"z":0},"spin":{"x":0,"y":0,"z":0},"time":3.4},{"delta_spin":{"x":0,"y":0,"z":0},"spin":{"x":0,"y":0,"z":0},"time":3.5},{"delta_spin":{"x":0,"y":0,"z":0},"spin":{"x":0,"y":0,"z":0},"time":3.6},{"delta_spin":{"x":0,"y":0,"z":0},"spin":{"x":0,"y":0,"z":0},"time":3.7},{"delta_spin":{"x":0,"y":0,"z":0},"spin":{"x":0,"y":0,"z":0},"time":3.8},{"delta_spin":{"x":0,"y":0,"z":0},"spin":{"x":0,"y":0,"z":0},"time":3.9},{"delta_spin":{"x":0,"y":0,"z":0},"spin":{"x":0,"y":0,"z":0},"time":4},{"delta_spin":{"x":0,"y":0,"z":0},"spin":{"x":0,"y":0,"z":0},"time":4.1},{"delta_spin":{"x":0,"y":0,"z":0},"spin":{"x":0,"y":0,"z":0},"time":4.2},{"delta_spin":{"x":0,"y":0,"z":0},"spin":{"x":0,"y":0,"z":0},"time":4.3},{"delta_spin":{"x":0,"y":0,"z":0},"spin":{"x":0,"y":0,"z":0},"time":4.4},{"delta_spin":{"x":0,"y":0,"z":0},"spin":{"x":0,"y":0,"z":0},"time":4.5},{"delta_spin":{"x":0,"y":0,"z":0},"spin":{"x":0,"y":0,"z":0},"time":4.6},{"delta_spin":{"x":0,"y":0,"z":0},"spin":{"x":0,"y":0,"z":0},"time":4.7},{"delta_spin":{"x":0,"y":0,"z":0},"spin":{"x":0,"y":0,"z":0},"time":4.8},{"delta_spin":{"x":0,"y":0,"z":0},"spin":{"x":0,"y":0,"z":0},"time":4.9},{"delta_spin":{"x":0,"y":0,"z":0},"spin":{"x":0,"y":0,"z":0},"time":5}],"velocity_data":[{"delta_velocity":{"x":0,"y":0,"z":0},"time":0,"velocity":{"x":0,"y":5,"z":-1000}},{"delta_velocity":{"x":0,"y":0.998231410980225,"z":-4.28753662109375},"time":0.1,"velocity":{"x":0,"y":4.00176858901978,"z":-995.71246337890625}},{"delta_velocity":{"x":0,"y":1.9968318939209,"z":-17.0032958984375},"time":0.2,"velocity":{"x":0,"y":2.00493669509888,"z":-978.70916748046875}},{"delta_velocity":{"x":0,"y":2.90757322311401,"z":-36.9619140625},"time":0.3,"velocity":{"x":0,"y":-0.90263646841049,"z":-941.74725341796875}},{"delta_velocity":{"x":0,"y":3.61217641830444,"z":-60.84130859375},"time":0.4,"velocity":{"x":0,"y":-4.51481294631958,"z":-880.90594482421875}},{"delta_velocity":{"x":0,"y":4.01551103591919,"z":-83.1817626953125},"time":0.5,"velocity":{"x":0,"y":-8.53032398223877,"z":-797.72418212890625}},{"delta_velocity":{"x":0,"y":4.11064624786377,"z":-98.23883056640625},"time":0.6,"velocity":{"x":0,"y":-12.64097023010254,"z":-699.4853515625}},{"delta_velocity":{"x":0,"y":3.9991283416748,"z":-102.83154296875},"time":0.7,"velocity":{"x":0,"y":-16.64009857177734,"z":-596.65380859375}},{"delta_velocity":{"x":0,"y":3.83538818359375,"z":-97.76748657226562},"time":0.8,"velocity":{"x":0,"y":-20.47548675537109,"z":-498.88632202148438}},{"delta_velocity":{"x":0,"y":3.7430419921875,"z":-86.58453369140625},"time":0.9,"velocity":{"x":0,"y":-24.21852874755859,"z":-412.30178833007812}},{"delta_velocity":{"x":0,"y":3.7741756439209,"z":-73.13223266601562},"time":1,"velocity":{"x":0,"y":-27.99270439147949,"z":-339.1695556640625}},{"delta_velocity":{"x":0,"y":3.92226600646973,"z":-60.06814575195312},"time":1.1,"velocity":{"x":0,"y":-31.91497039794922,"z":-279.10140991210938}},{"delta_velocity":{"x":0,"y":4.15232086181641,"z":-48.67958068847656},"time":1.2,"velocity":{"x":0,"y":-36.06729125976562,"z":-230.42182922363281}},{"delta_velocity":{"x":0,"y":4.42098236083984,"z":-39.32542419433594},"time":1.3,"velocity":{"x":0,"y":-40.48827362060547,"z":-191.09640502929688}},{"delta_velocity":{"x":0,"y":4.68283081054688,"z":-31.89918518066406},"time":1.4,"velocity":{"x":0,"y":-45.17110443115234,"z":-159.19721984863281}},{"delta_velocity":{"x":0,"y":4.88875198364258,"z":-26.12144470214844},"time":1.5,"velocity":{"x":0,"y":-50.05985641479492,"z":-133.07577514648438}},{"delta_velocity":{"x":0,"y":4.9828987121582,"z":-21.6810302734375},"time":1.6,"velocity":{"x":0,"y":-55.04275512695312,"z":-111.39474487304688}},{"delta_velocity":{"x":0,"y":4.90336990356445,"z":-18.2867431640625},"time":1.7,"velocity":{"x":0,"y":-59.94612503051758,"z":-93.10800170898438}},{"delta_velocity":{"x":0,"y":4.59126663208008,"z":-15.67722320556641},"time":1.8,"velocity":{"x":0,"y":-64.53739166259766,"z":-77.43077850341797}},{"delta_velocity":{"x":0,"y":4.00917816162109,"z":-13.61923217773438},"time":1.9,"velocity":{"x":0,"y":-68.54656982421875,"z":-63.81154632568359}},{"delta_velocity":{"x":0,"y":3.16339111328125,"z":-11.9106559753418},"time":2,"velocity":{"x":0,"y":-71.7099609375,"z":-51.9008903503418}},{"delta_velocity":{"x":0,"y":2.11700439453125,"z":-10.39243698120117},"time":2.1,"velocity":{"x":0,"y":-73.82696533203125,"z":-41.50845336914062}},{"delta_velocity":{"x":0,"y":0.981910705566406,"z":-8.96224212646484},"time":2.2,"velocity":{"x":0,"y":-74.80887603759766,"z":-32.54621124267578}},{"delta_velocity":{"x":0,"y":-0.11081695556641,"z":-7.57864761352539},"time":2.3,"velocity":{"x":0,"y":-74.69805908203125,"z":-24.96756362915039}},{"delta_velocity":{"x":0,"y":-1.04905700683594,"z":-6.25016212463379},"time":2.4,"velocity":{"x":0,"y":-73.64900207519531,"z":-18.7174015045166}},{"delta_velocity":{"x":0,"y":-1.76740264892578,"z":-5.01278781890869},"time":2.5,"velocity":{"x":0,"y":-71.88159942626953,"z":-13.70461368560791}},{"delta_velocity":{"x":0,"y":-2.25379943847656,"z":-3.90642356872559},"time":2.6,"velocity":{"x":0,"y":-69.62779998779297,"z":-9.79819011688232}},{"delta_velocity":{"x":0,"y":-2.53699493408203,"z":-2.95878076553345},"time":2.7,"velocity":{"x":0,"y":-67.09080505371094,"z":-6.83940935134888}},{"delta_velocity":{"x":0,"y":-2.66603088378906,"z":-2.17958498001099},"time":2.8,"velocity":{"x":0,"y":-64.42477416992188,"z":-4.65982437133789}},{"delta_velocity":{"x":0,"y":-2.69198226928711,"z":-1.56245946884155},"time":2.9,"velocity":{"x":0,"y":-61.73279190063477,"z":-3.09736490249634}},{"delta_velocity":{"x":0,"y":-2.65724945068359,"z":-1.09020256996155},"time":3,"velocity":{"x":0,"y":-59.07554244995117,"z":-2.00716233253479}},{"delta_velocity":{"x":0,"y":-2.59191131591797,"z":-0.74024772644043},"time":3.1,"velocity":{"x":0,"y":-56.4836311340332,"z":-1.26691460609436}},{"delta_velocity":{"x":0,"y":-2.51474761962891,"z":-0.48883807659149},"time":3.2,"velocity":{"x":0,"y":-53.9688835144043,"z":-0.77807652950287}},{"delta_velocity":{"x":0,"y":-2.43608856201172,"z":-0.31368479132652},"time":3.3,"velocity":{"x":0,"y":-51.53279495239258,"z":-0.46439173817635}},{"delta_velocity":{"x":0,"y":-2.36084747314453,"z":-0.1953858435154},"time":3.4,"velocity":{"x":0,"y":-49.17194747924805,"z":-0.26900589466095}},{"delta_velocity":{"x":0,"y":-2.29084777832031,"z":-0.11798502504826},"time":3.5,"velocity":{"x":0,"y":-46.88109970092773,"z":-0.15102086961269}},{"delta_velocity":{"x":0,"y":-2.22647094726562,"z":-0.06897684186697},"time":3.6,"velocity":{"x":0,"y":-44.65462875366211,"z":-0.08204402774572}},{"delta_velocity":{"x":0,"y":-2.16740417480469,"z":-0.03898346051574},"time":3.7,"velocity":{"x":0,"y":-42.48722457885742,"z":-0.04306056722999}},{"delta_velocity":{"x":0,"y":-2.11314010620117,"z":-0.02126496843994},"time":3.8,"velocity":{"x":0,"y":-40.37408447265625,"z":-0.02179559879005}},{"delta_velocity":{"x":0,"y":-2.06317520141602,"z":-0.01117654331028},"time":3.9,"velocity":{"x":0,"y":-38.31090927124023,"z":-0.01061905547976}},{"delta_velocity":{"x":0,"y":-2.01702499389648,"z":-0.0056493296288},"time":4,"velocity":{"x":0,"y":-36.29388427734375,"z":-0.00496972585097}},{"delta_velocity":{"x":0,"y":-1.97426223754883,"z":-0.00274062878452},"time":4.1,"velocity":{"x":0,"y":-34.31962203979492,"z":-0.00222909706645}},{"delta_velocity":{"x":0,"y":-1.93453979492188,"z":-0.00127321842592},"time":4.2,"velocity":{"x":0,"y":-32.38508224487305,"z":-0.00095587864053}},{"delta_velocity":{"x":0,"y":-1.89755630493164,"z":-0.00056506297551},"time":4.3,"velocity":{"x":0,"y":-30.48752593994141,"z":-0.00039081566501}},{"delta_velocity":{"x":0,"y":-1.86300277709961,"z":-0.00023892590252},"time":4.4,"velocity":{"x":0,"y":-28.6245231628418,"z":-0.00015188976249}},{"delta_velocity":{"x":0,"y":-1.8306884765625,"z":-0.00009596376185},"time":4.5,"velocity":{"x":0,"y":-26.7938346862793,"z":-0.00005592600064}},{"delta_velocity":{"x":0,"y":-1.80039215087891,"z":-0.00003649070277},"time":4.6,"velocity":{"x":0,"y":-24.99344253540039,"z":-0.00001943529787}},{"delta_velocity":{"x":0,"y":-1.77193069458008,"z":-0.00001308770061},"time":4.7,"velocity":{"x":0,"y":-23.22151184082031,"z":-0.00000634759726}},{"delta_velocity":{"x":0,"y":-1.74515914916992,"z":-0.00000440869508},"time":4.8,"velocity":{"x":0,"y":-21.47635269165039,"z":-0.00000193890219}},{"delta_velocity":{"x":0,"y":-1.71990203857422,"z":-0.00000138809855},"time":4.9,"velocity":{"x":0,"y":-19.75645065307617,"z":-0.00000055080363}},{"delta_velocity":{"x":0,"y":-1.69607543945312,"z":-0.00000040622822},"time":5,"velocity":{"x":0,"y":-18.06037521362305,"z":-0.00000014457541}}]}