{"spin_data":[{"delta_spin":{"x":0,"y":0,"z":0},"spin":{"x":0,"y":0,"z":0},"time":0},{"delta_spin":{"x":0,"y":0,"z":0},"spin":{"x":0,"y":0,"z":0},"time":0.1},{"delta_spin":{"x":0,"y":0,"z":0},"spin":{"x":0,"y":0,"z":0},"time":0.2},{"delta_spin":{"x":0,"y":0,"z":0},"spin":{"x":0,"y":0,"z":0},"time":0.3},{"delta_spin":{"x":0,"y":0,"z":0},"spin":{"x":0,"y":0,"z":0},"time":0.4},{"delta_spin":{"x":0,"y":0,"z":0},"spin":{"x":0,"y":0,"z":0},"time":0.5},{"delta_spin":{"x":0,"y":0,"z":0},"spin":{"x":0,"y":0,"z":0},"time":0.6},{"delta_spin":{"x":0,"y":0,"z":0},"spin":{"x":0,"y":0,"z":0},"time":0.7},{"delta_spin":{"x":0,"y":0,"z":0},"spin":{"x":0,"y":0,"z":0},"time":0.8},{"delta_spin":{"x":0,"y":0,"z":0},"spin":{"x":0,"y":0,"z":0},"time":0.9},{"delta_spin":{"x":0,"y":0,"z":0},"spin":{"x":0,"y":0,"z":0},"time":1},{"delta_spin":{"x":0,"y":0,"z":0},"spin":{"x":0,"y":0,"z":0},"time":1.1},{"delta_spin":{"x":0,"y":0,"z":0},"spin":{"x":0,"y":0,"z":0},"time":1.2},{"delta_spin":{"x":0,"y":0,"z":0},"spin":{"x":0,"y":0,"z":0},"time":1.3},{"delta_spin":{"x":0,"y":0,"z":0},"spin":{"x":0,"y":0,"z":0},"time":1.4},{"delta_spin":{"x":0,"y":0,"z":0},"spin":{"x":0,"y":0,"z":0},"time":1.5},{"delta_spin":{"x":0,"y":0,"z":0},"spin":{"x":0,"y":0,"z":0},"time":1.6},{"delta_spin":{"x":0,"y":0,"z":0},"spin":{"x":0,"y":0,"z":0},"time":1.7},{"delta_spin":{"x":0,"y":0,"z":0},"spin":{"x":0,"y":0,"z":0},"time":1.8},{"delta_spin":{"x":0,"y":0,"z":0},"spin":{"x":0,"y":0,"z":0},"time":1.9},{"delta_spin":{"x":0,"y":0,"z":0},"spin":{"x":0,"y":0,"z":0},"time":2},{"delta_spin":{"x":0,"y":0,"z":0},"spin":{"x":0,"y":0,"z":0},"time":2.1},{"delta_spin":{"x":0,"y":0,"z":0},"spin":{"x":0,"y":0,"z":0},"time":2.2},{"delta_spin":{"x":0,"y":0,"z":0},"spin":{"x":0,"y":0,"z":0},"time":2.3},{"delta_spin":{"x":0,"y":0,"z":0},"spin":{"x":0,"y":0,"z":0},"time":2.4},{"delta_spin":{"x":0,"y":0,"z":0},"spin":{"x":0,"y":0,"z":0},"time":2.5},{"delta_spin":{"x":0,"y":0,"z":0},"spin":{"x":0,"y":0,"z":0},"time":2.6},{"delta_spin":{"x":0,"y":0,"z":0},"spin":{"x":0,"y":0,"z":0},"time":2.7},{"delta_spin":{"x":0,"y":0,"z":0},"spin":{"x":0,"y":0,"z":0},"time":2.8},{"delta_spin":{"x":0,"y":0,"z":0},"spin":{"x":0,"y":0,"z":0},"time":2.9},{"delta_spin":{"x":0,"y":0,"z":0},"spin":{"x":0,"y":0,"z":0},"time":3},{"delta_spin":{"x":0,"y":0,"z":0},"spin":{"x":0,"y":0,"z":0},"time":3.1},{"delta_spin":{"x":0,"y":0,"z":0},"spin":{"x":0,"y":0,"z":0},"time":3.2},{"delta_spin":{"x":0,"y":0,"z":0},"spin":{"x":0,"y":0,"z":0},"time":3.3},{"delta_spin":{"x":0,"y":0,"z":0},"spin":{"x":0,"y":0,"z":0},"time":3.4},{"delta_spin":{"x":0,"y":0,"z":0},"spin":{"x":0,"y":0,"z":0},"time":3.5},{"delta_spin":{"x":0,"y":0,"z":0},"spin":{"x":0,"y":0,"z":0},"time":3.6},{"delta_spin":{"x":0,"y":0,"z":0},"spin":{"x":0,"y":0,"z":0},"time":3.7},{"delta_spin":{"x":0,"y":0,"z":0},"spin":{"x":0,"y":0,"z":0},"time":3.8},{"delta_spin":{"x":0,"y":0,"z":0},"spin":{"x":0,"y":0,"z":0},"time":3.9},{"delta_spin":{"x":0,"y":0,"z":0},"spin":{"x":0,"y":0,"z":0},"time":4},{"delta_spin":{"x":0,"y":0,"z":0},"spin":{"x":0,"y":0,"z":0},"time":4.1},{"delta_spin":{"x":0,"y":0,"z":0},"spin":{"x":0,"y":0,"z":0},"time":4.2},{"delta_spin":{"x":0,"y":0,"z":0},"spin":{"x":0,"y":0,"z":0},"time":4.3},{"delta_spin":{"x":0,"y":0,"z":0},"spin":{"x":0,"y":0,"z":0},"time":4.4},{"delta_spin":{"x":0,"y":0,"z":0},"spin":{"x":0,"y":0,"z":0},"time":4.5},{"delta_spin":{"x":0,"y":0,"z":0},"spin":{"x":0,"y":0,"z":0},"time":4.6},{"delta_spin":{"x":0,"y":0,"z":0},"spin":{"x":0,"y":0,"z":0},"time":4.7},{"delta_spin":{"x":0,"y":0,"z":0},"spin":{"x":0,"y":0,"z":0},"time":4.8},{"delta_spin":{"x":0,"y":0,"z":0},"spin":{"x":0,"y":0,"z":0},"time":4.9},{"delta_spin":{"x":0,"y":0,"z":0},"spin":{"x":0,"y":0,"z":0},"time":5}],"velocity_data":[{"delta_velocity":{"x":0,"y":0,"z":0},"time":0,"velocity":{"x":0,"y":5,"z":-1000}},{"delta_velocity":{"x":0,"y":1.00069332122803,"z":-4.9000244140625},"time":0.1,"velocity":{"x":0,"y":3.99930667877197,"z":-995.0999755859375}},{"delta_velocity":{"x":0,"y":2.00173568725586,"z":-19.408447265625},"time":0.2,"velocity":{"x":0,"y":1.9975711107254,"z":-975.6915283203125}},{"delta_velocity":{"x":0,"y":2.90232014656067,"z":-41.9820556640625},"time":0.3,"velocity":{"x":0,"y":-0.90474897623062,"z":-933.70947265625}},{"delta_velocity":{"x":0,"y":3.57051753997803,"z":-68.35107421875},"time":0.4,"velocity":{"x":0,"y":-4.475266456604,"z":-865.3583984375}},{"delta_velocity":{"x":0,"y":3.91057300567627,"z":-91.73895263671875},"time":0.5,"velocity":{"x":0,"y":-8.38583946228027,"z":-773.61944580078125}},{"delta_velocity":{"x":0,"y":3.9380407333374,"z":-105.591064453125},"time":0.6,"velocity":{"x":0,"y":-12.32388019561768,"z":-668.02838134765625}},{"delta_velocity":{"x":0,"y":3.78763484954834,"z":-107.19171142578125},"time":0.7,"velocity":{"x":0,"y":-16.11151504516602,"z":-560.836669921875}},{"delta_velocity":{"x":0,"y":3.63019561767578,"z":-98.72900390625},"time":0.8,"velocity":{"x":0,"y":-19.7417106628418,"z":-462.107666015625}},{"delta_velocity":{"x":0,"y":3.57882499694824,"z":-84.917236328125},"time":0.9,"velocity":{"x":0,"y":-23.32053565979004,"z":-377.1904296875}},{"delta_velocity":{"x":0,"y":3.66312980651855,"z":-69.98199462890625},"time":1,"velocity":{"x":0,"y":-26.98366546630859,"z":-307.20843505859375}},{"delta_velocity":{"x":0,"y":3.85875701904297,"z":-56.3775634765625},"time":1.1,"velocity":{"x":0,"y":-30.84242248535156,"z":-250.83087158203125}},{"delta_velocity":{"x":0,"y":4.12175750732422,"z":-45.02975463867188},"time":1.2,"velocity":{"x":0,"y":-34.96417999267578,"z":-205.80111694335938}},{"delta_velocity":{"x":0,"y":4.40512466430664,"z":-36.00384521484375},"time":1.3,"velocity":{"x":0,"y":-39.36930465698242,"z":-169.79727172851562}},{"delta_velocity":{"x":0,"y":4.66064453125,"z":-29.011962890625},"time":1.4,"velocity":{"x":0,"y":-44.02994918823242,"z":-140.78530883789062}},{"delta_velocity":{"x":0,"y":4.83490753173828,"z":-23.67815399169922},"time":1.5,"velocity":{"x":0,"y":-48.8648567199707,"z":-117.10715484619141}},{"delta_velocity":{"x":0,"y":4.86631774902344,"z":-19.64399719238281},"time":1.6,"velocity":{"x":0,"y":-53.73117446899414,"z":-97.46315765380859}},{"delta_velocity":{"x":0,"y":4.68899917602539,"z":-16.59449768066406},"time":1.7,"velocity":{"x":0,"y":-58.42017364501953,"z":-80.86865997314453}},{"delta_velocity":{"x":0,"y":4.24762344360352,"z":-14.25479888916016},"time":1.8,"velocity":{"x":0,"y":-62.66779708862305,"z":-66.61386108398438}},{"delta_velocity":{"x":0,"y":3.52164077758789,"z":-12.38550567626953},"time":1.9,"velocity":{"x":0,"y":-66.18943786621094,"z":-54.22835540771484}},{"delta_velocity":{"x":0,"y":2.54764556884766,"z":-10.78909301757812},"time":2,"velocity":{"x":0,"y":-68.73708343505859,"z":-43.43926239013672}},{"delta_velocity":{"x":0,"y":1.42351531982422,"z":-9.32475662231445},"time":2.1,"velocity":{"x":0,"y":-70.16059875488281,"z":-34.11450576782227}},{"delta_velocity":{"x":0,"y":0.285575866699219,"z":-7.9190788269043},"time":2.2,"velocity":{"x":0,"y":-70.44617462158203,"z":-26.19542694091797}},{"delta_velocity":{"x":0,"y":-0.73287200927734,"z":-6.56113243103027},"time":2.3,"velocity":{"x":0,"y":-69.71330261230469,"z":-19.6342945098877}},{"delta_velocity":{"x":0,"y":-1.54032897949219,"z":-5.28122901916504},"time":2.4,"velocity":{"x":0,"y":-68.1729736328125,"z":-14.35306549072266}},{"delta_velocity":{"x":0,"y":-2.10438537597656,"z":-4.12321090698242},"time":2.5,"velocity":{"x":0,"y":-66.06858825683594,"z":-10.22985458374023}},{"delta_velocity":{"x":0,"y":-2.44425964355469,"z":-3.1223406791687},"time":2.6,"velocity":{"x":0,"y":-63.62432861328125,"z":-7.10751390457153}},{"delta_velocity":{"x":0,"y":-2.60872268676758,"z":-2.29491949081421},"time":2.7,"velocity":{"x":0,"y":-61.01560592651367,"z":-4.81259441375732}},{"delta_velocity":{"x":0,"y":-2.65367889404297,"z":-1.63830804824829},"time":2.8,"velocity":{"x":0,"y":-58.3619270324707,"z":-3.17428636550903}},{"delta_velocity":{"x":0,"y":-2.62742233276367,"z":-1.13632535934448},"time":2.9,"velocity":{"x":0,"y":-55.73450469970703,"z":-2.03796100616455}},{"delta_velocity":{"x":0,"y":-2.56485748291016,"z":-0.76562738418579},"time":3,"velocity":{"x":0,"y":-53.16964721679688,"z":-1.27233362197876}},{"delta_velocity":{"x":0,"y":-2.48788833618164,"z":-0.50081408023834},"time":3.1,"velocity":{"x":0,"y":-50.68175888061523,"z":-0.77151954174042}},{"delta_velocity":{"x":0,"y":-2.4085578918457,"z":-0.31773602962494},"time":3.2,"velocity":{"x":0,"y":-48.27320098876953,"z":-0.45378351211548}},{"delta_velocity":{"x":0,"y":-2.33252716064453,"z":-0.195282548666},"time":3.3,"velocity":{"x":0,"y":-45.940673828125,"z":-0.25850096344948}},{"delta_velocity":{"x":0,"y":-2.26192855834961,"z":-0.11610807478428},"time":3.4,"velocity":{"x":0,"y":-43.67874526977539,"z":-0.1423928886652}},{"delta_velocity":{"x":0,"y":-2.1971435546875,"z":-0.06667950004339},"time":3.5,"velocity":{"x":0,"y":-41.48160171508789,"z":-0.07571338862181}},{"delta_velocity":{"x":0,"y":-2.13785934448242,"z":-0.03692509233952},"time":3.6,"velocity":{"x":0,"y":-39.34374237060547,"z":-0.03878829628229}},{"delta_velocity":{"x":0,"y":-2.08354949951172,"z":-0.01968140713871},"time":3.7,"velocity":{"x":0,"y":-37.26019287109375,"z":-0.01910688914359}},{"delta_velocity":{"x":0,"y":-2.03362274169922,"z":-0.0100770201534},"time":3.8,"velocity":{"x":0,"y":-35.22657012939453,"z":-0.00902986899018}},{"delta_velocity":{"x":0,"y":-1.98762512207031,"z":-0.00494548492134},"time":3.9,"velocity":{"x":0,"y":-33.23894500732422,"z":-0.00408438406885}},{"delta_velocity":{"x":0,"y":-1.94507217407227,"z":-0.00232088984922},"time":4,"velocity":{"x":0,"y":-31.29387283325195,"z":-0.00176349421963}},{"delta_velocity":{"x":0,"y":-1.90560913085938,"z":-0.0010388053488},"time":4.1,"velocity":{"x":0,"y":-29.38826370239258,"z":-0.00072468887083}},{"delta_velocity":{"x":0,"y":-1.86893081665039,"z":-0.00044217176037},"time":4.2,"velocity":{"x":0,"y":-27.51933288574219,"z":-0.00028251711046}},{"delta_velocity":{"x":0,"y":-1.83473205566406,"z":-0.00017841241788},"time":4.3,"velocity":{"x":0,"y":-25.68460083007812,"z":-0.00010410469258}},{"delta_velocity":{"x":0,"y":-1.80277252197266,"z":-0.00006799342373},"time":4.4,"velocity":{"x":0,"y":-23.88182830810547,"z":-0.00003611126886}},{"delta_velocity":{"x":0,"y":-1.77285003662109,"z":-0.00002437497096},"time":4.5,"velocity":{"x":0,"y":-22.10897827148438,"z":-0.00001173629789}},{"delta_velocity":{"x":0,"y":-1.74478530883789,"z":-0.00000818159697},"time":4.6,"velocity":{"x":0,"y":-20.36419296264648,"z":-0.00000355470092}},{"delta_velocity":{"x":0,"y":-1.71841049194336,"z":-0.00000255757459},"time":4.7,"velocity":{"x":0,"y":-18.64578247070312,"z":-0.00000099712634}},{"delta_velocity":{"x":0,"y":-1.69357681274414,"z":-0.00000073997558},"time":4.8,"velocity":{"x":0,"y":-16.95220565795898,"z":-0.00000025715076}},{"delta_velocity":{"x":0,"y":-1.67014312744141,"z":-0.00000019671211},"time":4.9,"velocity":{"x":0,"y":-15.28206253051758,"z":-0.00000006043865}},{"delta_velocity":{"x":0,"y":-1.64802551269531,"z":-0.00000004762975},"time":5,"velocity":{"x":0,"y":-13.63403701782227,"z":-0.0000000128089}}]}