{"spin_data":[{"delta_spin":{"x":0,"y":0,"z":0},"spin":{"x":0,"y":0,"z":0},"time":0},{"delta_spin":{"x":0,"y":0,"z":0},"spin":{"x":0,"y":0,"z":0},"time":0.1},{"delta_spin":{"x":0,"y":0,"z":0},"spin":{"x":0,"y":0,"z":0},"time":0.2},{"delta_spin":{"x":0,"y":0,"z":0},"spin":{"x":0,"y":0,"z":0},"time":0.3},{"delta_spin":{"x":0,"y":0,"z":0},"spin":{"x":0,"y":0,"z":0},"time":0.4},{"delta_spin":{"x":0,"y":0,"z":0},"spin":{"x":0,"y":0,"z":0},"time":0.5},{"delta_spin":{"x":0,"y":0,"z":0},"spin":{"x":0,"y":0,"z":0},"time":0.6},{"delta_spin":{"x":0,"y":0,"z":0},"spin":{"x":0,"y":0,"z":0},"time":0.7},{"delta_spin":{"x":0,"y":0,"z":0},"spin":{"x":0,"y":0,"z":0},"time":0.8},{"delta_spin":{"x":0,"y":0,"z":0},"spin":{"x":0,"y":0,"z":0},"time":0.9},{"delta_spin":{"x":0,"y":0,"z":0},"spin":{"x":0,"y":0,"z":0},"time":1},{"delta_spin":{"x":0,"y":0,"z":0},"spin":{"x":0,"y":0,"z":0},"time":1.1},{"delta_spin":{"x":0,"y":0,"z":0},"spin":{"x":0,"y":0,"z":0},"time":1.2},{"delta_spin":{"x":0,"y":0,"z":0},"spin":{"x":0,"y":0,"z":0},"time":1.3},{"delta_spin":{"x":0,"y":0,"z":0},"spin":{"x":0,"y":0,"z":0},"time":1.4},{"delta_spin":{"x":0,"y":0,"z":0},"spin":{"x":0,"y":0,"z":0},"time":1.5},{"delta_spin":{"x":0,"y":0,"z":0},"spin":{"x":0,"y":0,"z":0},"time":1.6},{"delta_spin":{"x":0,"y":0,"z":0},"spin":{"x":0,"y":0,"z":0},"time":1.7},{"delta_spin":{"x":0,"y":0,"z":0},"spin":{"x":0,"y":0,"z":0},"time":1.8},{"delta_spin":{"x":0,"y":0,"z":0},"spin":{"x":0,"y":0,"z":0},"time":1.9},{"delta_spin":{"x":0,"y":0,"z":0},"spin":{"x":0,"y":0,"z":0},"time":2},{"delta_spin":{"x":0,"y":0,"z":0},"spin":{"x":0,"y":0,"z":0},"time":2.1},{"delta_spin":{"x":0,"y":0,"z":0},"spin":{"x":0,"y":0,"z":0},"time":2.2},{"delta_spin":{"x":0,"y":0,"z":0},"spin":{"x":0,"y":0,"z":0},"time":2.3},{"delta_spin":{"x":0,"y":0,"z":0},"spin":{"x":0,"y":0,"z":0},"time":2.4},{"delta_spin":{"x":0,"y":0,"z":0},"spin":{"x":0,"y":0,"z":0},"time":2.5},{"delta_spin":{"x":0,"y":0,"z":0},"spin":{"x":0,"y":0,"z":0},"time":2.6},{"delta_spin":{"x":0,"y":0,"z":0},"spin":{"x":0,"y":0,"z":0},"time":2.7},{"delta_spin":{"x":0,"y":0,"z":0},"spin":{"x":0,"y":0,"z":0},"time":2.8},{"delta_spin":{"x":0,"y":0,"z":0},"spin":{"x":0,"y":0,"z":0},"time":2.9},{"delta_spin":{"x":0,"y":0,"z":0},"spin":{"x":0,"y":0,"z":0},"time":3},{"delta_spin":{"x":0,"y":0,"z":0},"spin":{"x":0,"y":0,"z":0},"time":3.1},{"delta_spin":{"x":0,"y":0,"z":0},"spin":{"x":0,"y":0,"z":0},"time":3.2},{"delta_spin":{"x":0,"y":0,"z":0},"spin":{"x":0,"y":0,"z":0},"time":3.3},{"delta_spin":{"x":0,"y":0,"z":0},"spin":{"x":0,"y":0,"z":0},"time":3.4},{"delta_spin":{"x":0,"y":0,"z":0},"spin":{"x":0,"y":0,"z":0},"time":3.5},{"delta_spin":{"x":0,"y":0,"z":0},"spin":{"x":0,"y":0,"z":0},"time":3.6},{"delta_spin":{"x":0,"y":0,"z":0},"spin":{"x":0,"y":0,"z":0},"time":3.7},{"delta_spin":{"x":0,"y":0,"z":0},"spin":{"x":0,"y":0,"z":0},"time":3.8},{"delta_spin":{"x":0,"y":0,"z":0},"spin":{"x":0,"y":0,"z":0},"time":3.9},{"delta_spin":{"x":0,"y":0,"z":0},"spin":{"x":0,"y":0,"z":0},"time":4},{"delta_spin":{"x":0,"y":0,"z":0},"spin":{"x":0,"y":0,"z":0},"time":4.1},{"delta_spin":{"x":0,"y":0,"z":0},"spin":{"x":0,"y":0,"z":0},"time":4.2},{"delta_spin":{"x":0,"y":0,"z":0},"spin":{"x":0,"y":0,"z":0},"time":4.3},{"delta_spin":{"x":0,"y":0,"z":0},"spin":{"x":0,"y":0,"z":0},"time":4.4},{"delta_spin":{"x":0,"y":0,"z":0},"spin":{"x":0,"y":0,"z":0},"time":4.5},{"delta_spin":{"x":0,"y":0,"z":0},"spin":{"x":0,"y":0,"z":0},"time":4.6},{"delta_spin":{"x":0,"y":0,"z":0},"spin":{"x":0,"y":0,"z":0},"time":4.7},{"delta_spin":{"x":0,"y":0,"z":0},"spin":{"x":0,"y":0,"z":0},"time":4.8},{"delta_spin":{"x":0,"y":0,"z":0},"spin":{"x":0,"y":0,"z":0},"time":4.9},{"delta_spin":{"x":0,"y":0,"z":0},"spin":{"x":0,"y":0,"z":0},"time":5}],"velocity_data":[{"delta_velocity":{"x":0,"y":0,"z":0},"time":0,"velocity":{"x":0,"y":10,"z":-1000}},{"delta_velocity":{"x":0,"y":1.00806903839111,"z":-3.0013427734375},"time":0.1,"velocity":{"x":0,"y":8.99193096160889,"z":-996.9986572265625}},{"delta_velocity":{"x":0,"y":2.04614305496216,"z":-11.933349609375},"time":0.2,"velocity":{"x":0,"y":6.94578790664673,"z":-985.0653076171875}},{"delta_velocity":{"x":0,"y":3.04950618743896,"z":-26.210693359375},"time":0.3,"velocity":{"x":0,"y":3.89628171920776,"z":-958.8546142578125}},{"delta_velocity":{"x":0,"y":3.9227237701416,"z":-44.14971923828125},"time":0.4,"velocity":{"x":0,"y":-0.02644201554358,"z":-914.70489501953125}},{"delta_velocity":{"x":0,"y":4.56654262542725,"z":-62.7784423828125},"time":0.5,"velocity":{"x":0,"y":-4.59298467636108,"z":-851.92645263671875}},{"delta_velocity":{"x":0,"y":4.92137479782104,"z":-78.42266845703125},"time":0.6,"velocity":{"x":0,"y":-9.51435947418213,"z":-773.5037841796875}},{"delta_velocity":{"x":0,"y":5.0031623840332,"z":-88.0076904296875},"time":0.7,"velocity":{"x":0,"y":-14.51752185821533,"z":-685.49609375}},{"delta_velocity":{"x":0,"y":4.90156269073486,"z":-90.307373046875},"time":0.8,"velocity":{"x":0,"y":-19.4190845489502,"z":-595.188720703125}},{"delta_velocity":{"x":0,"y":4.73715209960938,"z":-86.2154541015625},"time":0.9,"velocity":{"x":0,"y":-24.15623664855957,"z":-508.9732666015625}},{"delta_velocity":{"x":0,"y":4.60992622375488,"z":-77.92144775390625},"time":1,"velocity":{"x":0,"y":-28.76616287231445,"z":-431.05181884765625}},{"delta_velocity":{"x":0,"y":4.57282257080078,"z":-67.75909423828125},"time":1.1,"velocity":{"x":0,"y":-33.33898544311523,"z":-363.292724609375}},{"delta_velocity":{"x":0,"y":4.63482666015625,"z":-57.47787475585938},"time":1.2,"velocity":{"x":0,"y":-37.97381210327148,"z":-305.81484985351562}},{"delta_velocity":{"x":0,"y":4.77711486816406,"z":-48.08392333984375},"time":1.3,"velocity":{"x":0,"y":-42.75092697143555,"z":-257.73092651367188}},{"delta_velocity":{"x":0,"y":4.96712875366211,"z":-40.001708984375},"time":1.4,"velocity":{"x":0,"y":-47.71805572509766,"z":-217.72921752929688}},{"delta_velocity":{"x":0,"y":5.16563415527344,"z":-33.302490234375},"time":1.5,"velocity":{"x":0,"y":-52.88368988037109,"z":-184.42672729492188}},{"delta_velocity":{"x":0,"y":5.3282356262207,"z":-27.88133239746094},"time":1.6,"velocity":{"x":0,"y":-58.2119255065918,"z":-156.54539489746094}},{"delta_velocity":{"x":0,"y":5.40482330322266,"z":-23.56298828125},"time":1.7,"velocity":{"x":0,"y":-63.61674880981445,"z":-132.98240661621094}},{"delta_velocity":{"x":0,"y":5.34069442749023,"z":-20.15367889404297},"time":1.8,"velocity":{"x":0,"y":-68.95744323730469,"z":-112.82872772216797}},{"delta_velocity":{"x":0,"y":5.08249664306641,"z":-17.46147918701172},"time":1.9,"velocity":{"x":0,"y":-74.03993988037109,"z":-95.36724853515625}},{"delta_velocity":{"x":0,"y":4.59055328369141,"z":-15.30342102050781},"time":2,"velocity":{"x":0,"y":-78.6304931640625,"z":-80.06382751464844}},{"delta_velocity":{"x":0,"y":3.85496520996094,"z":-13.51134490966797},"time":2.1,"velocity":{"x":0,"y":-82.48545837402344,"z":-66.55248260498047}},{"delta_velocity":{"x":0,"y":2.90834045410156,"z":-11.94204330444336},"time":2.2,"velocity":{"x":0,"y":-85.393798828125,"z":-54.61043930053711}},{"delta_velocity":{"x":0,"y":1.82659912109375,"z":-10.48960494995117},"time":2.3,"velocity":{"x":0,"y":-87.22039794921875,"z":-44.12083435058594}},{"delta_velocity":{"x":0,"y":0.714080810546875,"z":-9.09385299682617},"time":2.4,"velocity":{"x":0,"y":-87.93447875976562,"z":-35.02698135375977}},{"delta_velocity":{"x":0,"y":-0.32231903076172,"z":-7.73902320861816},"time":2.5,"velocity":{"x":0,"y":-87.61215972900391,"z":-27.2879581451416}},{"delta_velocity":{"x":0,"y":-1.19921875,"z":-6.44220924377441},"time":2.6,"velocity":{"x":0,"y":-86.41294097900391,"z":-20.84574890136719}},{"delta_velocity":{"x":0,"y":-1.87237548828125,"z":-5.23625087738037},"time":2.7,"velocity":{"x":0,"y":-84.54056549072266,"z":-15.60949802398682}},{"delta_velocity":{"x":0,"y":-2.33757781982422,"z":-4.15370082855225},"time":2.8,"velocity":{"x":0,"y":-82.20298767089844,"z":-11.45579719543457}},{"delta_velocity":{"x":0,"y":-2.62032318115234,"z":-3.21660614013672},"time":2.9,"velocity":{"x":0,"y":-79.58266448974609,"z":-8.23919105529785}},{"delta_velocity":{"x":0,"y":-2.76107025146484,"z":-2.43300533294678},"time":3,"velocity":{"x":0,"y":-76.82159423828125,"z":-5.80618572235107}},{"delta_velocity":{"x":0,"y":-2.80252075195312,"z":-1.79836988449097},"time":3.1,"velocity":{"x":0,"y":-74.01907348632812,"z":-4.00781583786011}},{"delta_velocity":{"x":0,"y":-2.78141021728516,"z":-1.29930114746094},"time":3.2,"velocity":{"x":0,"y":-71.23766326904297,"z":-2.70851469039917}},{"delta_velocity":{"x":0,"y":-2.72539520263672,"z":-0.91751682758331},"time":3.3,"velocity":{"x":0,"y":-68.51226806640625,"z":-1.79099786281586}},{"delta_velocity":{"x":0,"y":-2.65309143066406,"z":-0.63307130336761},"time":3.4,"velocity":{"x":0,"y":-65.85917663574219,"z":-1.15792655944824}},{"delta_velocity":{"x":0,"y":-2.57569885253906,"z":-0.42657047510147},"time":3.5,"velocity":{"x":0,"y":-63.28347778320312,"z":-0.73135608434677}},{"delta_velocity":{"x":0,"y":-2.49936676025391,"z":-0.28049337863922},"time":3.6,"velocity":{"x":0,"y":-60.78411102294922,"z":-0.45086270570755}},{"delta_velocity":{"x":0,"y":-2.42695999145508,"z":-0.17984127998352},"time":3.7,"velocity":{"x":0,"y":-58.35715103149414,"z":-0.27102142572403}},{"delta_velocity":{"x":0,"y":-2.3594970703125,"z":-0.11232909560204},"time":3.8,"velocity":{"x":0,"y":-55.99765396118164,"z":-0.15869233012199}},{"delta_velocity":{"x":0,"y":-2.29708862304688,"z":-0.06828101724386},"time":3.9,"velocity":{"x":0,"y":-53.70056533813477,"z":-0.09041131287813}},{"delta_velocity":{"x":0,"y":-2.23945236206055,"z":-0.04035064205527},"time":4,"velocity":{"x":0,"y":-51.46111297607422,"z":-0.05006067082286}},{"delta_velocity":{"x":0,"y":-2.18616104125977,"z":-0.02315534465015},"time":4.1,"velocity":{"x":0,"y":-49.27495193481445,"z":-0.02690532617271}},{"delta_velocity":{"x":0,"y":-2.13677597045898,"z":-0.01288774516433},"time":4.2,"velocity":{"x":0,"y":-47.13817596435547,"z":-0.01401758100837}},{"delta_velocity":{"x":0,"y":-2.09092330932617,"z":-0.00694810925052},"time":4.3,"velocity":{"x":0,"y":-45.0472526550293,"z":-0.00706947175786}},{"delta_velocity":{"x":0,"y":-2.04818725585938,"z":-0.00362341850996},"time":4.4,"velocity":{"x":0,"y":-42.99906539916992,"z":-0.0034460532479}},{"delta_velocity":{"x":0,"y":-2.0083122253418,"z":-0.00182510132436},"time":4.5,"velocity":{"x":0,"y":-40.99075317382812,"z":-0.00162095192354}},{"delta_velocity":{"x":0,"y":-1.97098541259766,"z":-0.00088649353711},"time":4.6,"velocity":{"x":0,"y":-39.01976776123047,"z":-0.00073445838643}},{"delta_velocity":{"x":0,"y":-1.93600463867188,"z":-0.00041450635763},"time":4.7,"velocity":{"x":0,"y":-37.08376312255859,"z":-0.0003199520288}},{"delta_velocity":{"x":0,"y":-1.90313720703125,"z":-0.00018622413336},"time":4.8,"velocity":{"x":0,"y":-35.18062591552734,"z":-0.00013372789545}},{"delta_velocity":{"x":0,"y":-1.87220001220703,"z":-0.00008022296242},"time":4.9,"velocity":{"x":0,"y":-33.30842590332031,"z":-0.00005350493302}},{"delta_velocity":{"x":0,"y":-1.84302139282227,"z":-0.00003306314102},"time":5,"velocity":{"x":0,"y":-31.46540451049805,"z":-0.000020441792}}]}