{"spin_data":[{"delta_spin":{"x":0,"y":0,"z":0},"spin":{"x":0,"y":0,"z":0},"time":0},{"delta_spin":{"x":0,"y":0,"z":0},"spin":{"x":0,"y":0,"z":0},"time":0.1},{"delta_spin":{"x":0,"y":0,"z":0},"spin":{"x":0,"y":0,"z":0},"time":0.2},{"delta_spin":{"x":0,"y":0,"z":0},"spin":{"x":0,"y":0,"z":0},"time":0.3},{"delta_spin":{"x":0,"y":0,"z":0},"spin":{"x":0,"y":0,"z":0},"time":0.4},{"delta_spin":{"x":0,"y":0,"z":0},"spin":{"x":0,"y":0,"z":0},"time":0.5},{"delta_spin":{"x":0,"y":0,"z":0},"spin":{"x":0,"y":0,"z":0},"time":0.6},{"delta_spin":{"x":0,"y":0,"z":0},"spin":{"x":0,"y":0,"z":0},"time":0.7},{"delta_spin":{"x":0,"y":0,"z":0},"spin":{"x":0,"y":0,"z":0},"time":0.8},{"delta_spin":{"x":0,"y":0,"z":0},"spin":{"x":0,"y":0,"z":0},"time":0.9},{"delta_spin":{"x":0,"y":0,"z":0},"spin":{"x":0,"y":0,"z":0},"time":1},{"delta_spin":{"x":0,"y":0,"z":0},"spin":{"x":0,"y":0,"z":0},"time":1.1},{"delta_spin":{"x":0,"y":0,"z":0},"spin":{"x":0,"y":0,"z":0},"time":1.2},{"delta_spin":{"x":0,"y":0,"z":0},"spin":{"x":0,"y":0,"z":0},"time":1.3},{"delta_spin":{"x":0,"y":0,"z":0},"spin":{"x":0,"y":0,"z":0},"time":1.4},{"delta_spin":{"x":0,"y":0,"z":0},"spin":{"x":0,"y":0,"z":0},"time":1.5},{"delta_spin":{"x":0,"y":0,"z":0},"spin":{"x":0,"y":0,"z":0},"time":1.6},{"delta_spin":{"x":0,"y":0,"z":0},"spin":{"x":0,"y":0,"z":0},"time":1.7},{"delta_spin":{"x":0,"y":0,"z":0},"spin":{"x":0,"y":0,"z":0},"time":1.8},{"delta_spin":{"x":0,"y":0,"z":0},"spin":{"x":0,"y":0,"z":0},"time":1.9},{"delta_spin":{"x":0,"y":0,"z":0},"spin":{"x":0,"y":0,"z":0},"time":2},{"delta_spin":{"x":0,"y":0,"z":0},"spin":{"x":0,"y":0,"z":0},"time":2.1},{"delta_spin":{"x":0,"y":0,"z":0},"spin":{"x":0,"y":0,"z":0},"time":2.2},{"delta_spin":{"x":0,"y":0,"z":0},"spin":{"x":0,"y":0,"z":0},"time":2.3},{"delta_spin":{"x":0,"y":0,"z":0},"spin":{"x":0,"y":0,"z":0},"time":2.4},{"delta_spin":{"x":0,"y":0,"z":0},"spin":{"x":0,"y":0,"z":0},"time":2.5},{"delta_spin":{"x":0,"y":0,"z":0},"spin":{"x":0,"y":0,"z":0},"time":2.6},{"delta_spin":{"x":0,"y":0,"z":0},"spin":{"x":0,"y":0,"z":0},"time":2.7},{"delta_spin":{"x":0,"y":0,"z":0},"spin":{"x":0,"y":0,"z":0},"time":2.8},{"delta_spin":{"x":0,"y":0,"z":0},"spin":{"x":0,"y":0,"z":0},"time":2.9},{"delta_spin":{"x":0,"y":0,"z":0},"spin":{"x":0,"y":0,"z":0},"time":3},{"delta_spin":{"x":0,"y":0,"z":0},"spin":{"x":0,"y":0,"z":0},"time":3.1},{"delta_spin":{"x":0,"y":0,"z":0},"spin":{"x":0,"y":0,"z":0},"time":3.2},{"delta_spin":{"x":0,"y":0,"z":0},"spin":{"x":0,"y":0,"z":0},"time":3.3},{"delta_spin":{"x":0,"y":0,"z":0},"spin":{"x":0,"y":0,"z":0},"time":3.4},{"delta_spin":{"x":0,"y":0,"z":0},"spin":{"x":0,"y":0,"z":0},"time":3.5},{"delta_spin":{"x":0,"y":0,"z":0},"spin":{"x":0,"y":0,"z":0},"time":3.6},{"delta_spin":{"x":0,"y":0,"z":0},"spin":{"x":0,"y":0,"z":0},"time":3.7},{"delta_spin":{"x":0,"y":0,"z":0},"spin":{"x":0,"y":0,"z":0},"time":3.8},{"delta_spin":{"x":0,"y":0,"z":0},"spin":{"x":0,"y":0,"z":0},"time":3.9},{"delta_spin":{"x":0,"y":0,"z":0},"spin":{"x":0,"y":0,"z":0},"time":4},{"delta_spin":{"x":0,"y":0,"z":0},"spin":{"x":0,"y":0,"z":0},"time":4.1},{"delta_spin":{"x":0,"y":0,"z":0},"spin":{"x":0,"y":0,"z":0},"time":4.2},{"delta_spin":{"x":0,"y":0,"z":0},"spin":{"x":0,"y":0,"z":0},"time":4.3},{"delta_spin":{"x":0,"y":0,"z":0},"spin":{"x":0,"y":0,"z":0},"time":4.4},{"delta_spin":{"x":0,"y":0,"z":0},"spin":{"x":0,"y":0,"z":0},"time":4.5},{"delta_spin":{"x":0,"y":0,"z":0},"spin":{"x":0,"y":0,"z":0},"time":4.6},{"delta_spin":{"x":0,"y":0,"z":0},"spin":{"x":0,"y":0,"z":0},"time":4.7},{"delta_spin":{"x":0,"y":0,"z":0},"spin":{"x":0,"y":0,"z":0},"time":4.8},{"delta_spin":{"x":0,"y":0,"z":0},"spin":{"x":0,"y":0,"z":0},"time":4.9},{"delta_spin":{"x":0,"y":0,"z":0},"spin":{"x":0,"y":0,"z":0},"time":5}],"velocity_data":[{"delta_velocity":{"x":0,"y":0,"z":0},"time":0,"velocity":{"x":0,"y":10,"z":-1000}},{"delta_velocity":{"x":0,"y":1.00309753417969,"z":-2.4500732421875},"time":0.1,"velocity":{"x":0,"y":8.99690246582031,"z":-997.5499267578125}},{"delta_velocity":{"x":0,"y":2.03077459335327,"z":-9.75225830078125},"time":0.2,"velocity":{"x":0,"y":6.96612787246704,"z":-987.79766845703125}},{"delta_velocity":{"x":0,"y":3.03062796592712,"z":-21.51531982421875},"time":0.3,"velocity":{"x":0,"y":3.93549990653992,"z":-966.2823486328125}},{"delta_velocity":{"x":0,"y":3.92443561553955,"z":-36.60107421875},"time":0.4,"velocity":{"x":0,"y":0.0110643105581403,"z":-929.6812744140625}},{"delta_velocity":{"x":0,"y":4.62632131576538,"z":-52.9395751953125},"time":0.5,"velocity":{"x":0,"y":-4.61525678634644,"z":-876.74169921875}},{"delta_velocity":{"x":0,"y":5.07389402389526,"z":-67.8021240234375},"time":0.6,"velocity":{"x":0,"y":-9.6891508102417,"z":-808.9395751953125}},{"delta_velocity":{"x":0,"y":5.25884246826172,"z":-78.57513427734375},"time":0.7,"velocity":{"x":0,"y":-14.94799327850342,"z":-730.36444091796875}},{"delta_velocity":{"x":0,"y":5.23610591888428,"z":-83.68292236328125},"time":0.8,"velocity":{"x":0,"y":-20.1840991973877,"z":-646.6815185546875}},{"delta_velocity":{"x":0,"y":5.10189056396484,"z":-83.07464599609375},"time":0.9,"velocity":{"x":0,"y":-25.28598976135254,"z":-563.60687255859375}},{"delta_velocity":{"x":0,"y":4.95442962646484,"z":-77.97564697265625},"time":1,"velocity":{"x":0,"y":-30.24041938781738,"z":-485.6312255859375}},{"delta_velocity":{"x":0,"y":4.86284828186035,"z":-70.1632080078125},"time":1.1,"velocity":{"x":0,"y":-35.10326766967773,"z":-415.468017578125}},{"delta_velocity":{"x":0,"y":4.85756301879883,"z":-61.28448486328125},"time":1.2,"velocity":{"x":0,"y":-39.96083068847656,"z":-354.18353271484375}},{"delta_velocity":{"x":0,"y":4.93738174438477,"z":-52.51303100585938},"time":1.3,"velocity":{"x":0,"y":-44.89821243286133,"z":-301.67050170898438}},{"delta_velocity":{"x":0,"y":5.08147430419922,"z":-44.51840209960938},"time":1.4,"velocity":{"x":0,"y":-49.97968673706055,"z":-257.152099609375}},{"delta_velocity":{"x":0,"y":5.25842666625977,"z":-37.58853149414062},"time":1.5,"velocity":{"x":0,"y":-55.23811340332031,"z":-219.56356811523438}},{"delta_velocity":{"x":0,"y":5.43051528930664,"z":-31.77493286132812},"time":1.6,"velocity":{"x":0,"y":-60.66862869262695,"z":-187.78863525390625}},{"delta_velocity":{"x":0,"y":5.5546760559082,"z":-27.00405883789062},"time":1.7,"velocity":{"x":0,"y":-66.22330474853516,"z":-160.78457641601562}},{"delta_velocity":{"x":0,"y":5.58282470703125,"z":-23.14581298828125},"time":1.8,"velocity":{"x":0,"y":-71.80612945556641,"z":-137.63876342773438}},{"delta_velocity":{"x":0,"y":5.46427917480469,"z":-20.0491943359375},"time":1.9,"velocity":{"x":0,"y":-77.27040863037109,"z":-117.58956909179688}},{"delta_velocity":{"x":0,"y":5.15255737304688,"z":-17.55818939208984},"time":2,"velocity":{"x":0,"y":-82.42296600341797,"z":-100.03137969970703}},{"delta_velocity":{"x":0,"y":4.61685180664062,"z":-15.51984405517578},"time":2.1,"velocity":{"x":0,"y":-87.03981781005859,"z":-84.51153564453125}},{"delta_velocity":{"x":0,"y":3.85526275634766,"z":-13.79201507568359},"time":2.2,"velocity":{"x":0,"y":-90.89508056640625,"z":-70.71952056884766}},{"delta_velocity":{"x":0,"y":2.90370178222656,"z":-12.25382995605469},"time":2.3,"velocity":{"x":0,"y":-93.79878234863281,"z":-58.46569061279297}},{"delta_velocity":{"x":0,"y":1.83438110351562,"z":-10.81675338745117},"time":2.4,"velocity":{"x":0,"y":-95.63316345214844,"z":-47.6489372253418}},{"delta_velocity":{"x":0,"y":0.741981506347656,"z":-9.43119812011719},"time":2.5,"velocity":{"x":0,"y":-96.37514495849609,"z":-38.21773910522461}},{"delta_velocity":{"x":0,"y":-0.27803802490234,"z":-8.08498764038086},"time":2.6,"velocity":{"x":0,"y":-96.09710693359375,"z":-30.13275146484375}},{"delta_velocity":{"x":0,"y":-1.15068817138672,"z":-6.79369926452637},"time":2.7,"velocity":{"x":0,"y":-94.94641876220703,"z":-23.33905220031738}},{"delta_velocity":{"x":0,"y":-1.83422088623047,"z":-5.58664512634277},"time":2.8,"velocity":{"x":0,"y":-93.11219787597656,"z":-17.75240707397461}},{"delta_velocity":{"x":0,"y":-2.32149505615234,"z":-4.49362373352051},"time":2.9,"velocity":{"x":0,"y":-90.79070281982422,"z":-13.2587833404541}},{"delta_velocity":{"x":0,"y":-2.63213348388672,"z":-3.53603649139404},"time":3,"velocity":{"x":0,"y":-88.1585693359375,"z":-9.72274684906006}},{"delta_velocity":{"x":0,"y":-2.80070495605469,"z":-2.7233715057373},"time":3.1,"velocity":{"x":0,"y":-85.35786437988281,"z":-6.99937534332275}},{"delta_velocity":{"x":0,"y":-2.86567687988281,"z":-2.05381298065186},"time":3.2,"velocity":{"x":0,"y":-82.4921875,"z":-4.9455623626709}},{"delta_velocity":{"x":0,"y":-2.86189270019531,"z":-1.51705121994019},"time":3.3,"velocity":{"x":0,"y":-79.63029479980469,"z":-3.42851114273071}},{"delta_velocity":{"x":0,"y":-2.81695556640625,"z":-1.09760856628418},"time":3.4,"velocity":{"x":0,"y":-76.81333923339844,"z":-2.33090257644653}},{"delta_velocity":{"x":0,"y":-2.75045776367188,"z":-0.77772259712219},"time":3.5,"velocity":{"x":0,"y":-74.06288146972656,"z":-1.55317997932434}},{"delta_velocity":{"x":0,"y":-2.67509460449219,"z":-0.53947353363037},"time":3.6,"velocity":{"x":0,"y":-71.38778686523438,"z":-1.01370644569397}},{"delta_velocity":{"x":0,"y":-2.59833526611328,"z":-0.36614692211151},"time":3.7,"velocity":{"x":0,"y":-68.78945159912109,"z":-0.64755952358246}},{"delta_velocity":{"x":0,"y":-2.52407073974609,"z":-0.24299827218056},"time":3.8,"velocity":{"x":0,"y":-66.265380859375,"z":-0.4045612514019}},{"delta_velocity":{"x":0,"y":-2.45406723022461,"z":-0.15757977962494},"time":3.9,"velocity":{"x":0,"y":-63.81131362915039,"z":-0.24698147177696}},{"delta_velocity":{"x":0,"y":-2.38884735107422,"z":-0.09977120161057},"time":4,"velocity":{"x":0,"y":-61.42246627807617,"z":-0.1472102701664}},{"delta_velocity":{"x":0,"y":-2.32837295532227,"z":-0.0616242736578},"time":4.1,"velocity":{"x":0,"y":-59.09409332275391,"z":-0.0855859965086}},{"delta_velocity":{"x":0,"y":-2.27231979370117,"z":-0.03709809109569},"time":4.2,"velocity":{"x":0,"y":-56.82177352905273,"z":-0.04848790541291}},{"delta_velocity":{"x":0,"y":-2.22031021118164,"z":-0.02174666337669},"time":4.3,"velocity":{"x":0,"y":-54.60146331787109,"z":-0.02674124203622}},{"delta_velocity":{"x":0,"y":-2.17191696166992,"z":-0.01240048091859},"time":4.4,"velocity":{"x":0,"y":-52.42954635620117,"z":-0.01434076111764}},{"delta_velocity":{"x":0,"y":-2.12681198120117,"z":-0.00687109632418},"time":4.5,"velocity":{"x":0,"y":-50.302734375,"z":-0.00746966479346}},{"delta_velocity":{"x":0,"y":-2.08465957641602,"z":-0.00369540485553},"time":4.6,"velocity":{"x":0,"y":-48.21807479858398,"z":-0.00377425993793}},{"delta_velocity":{"x":0,"y":-2.04520034790039,"z":-0.00192672945559},"time":4.7,"velocity":{"x":0,"y":-46.17287445068359,"z":-0.00184753048234}},{"delta_velocity":{"x":0,"y":-2.00815963745117,"z":-0.00097261223709},"time":4.8,"velocity":{"x":0,"y":-44.16471481323242,"z":-0.00087491824524}},{"delta_velocity":{"x":0,"y":-1.97334671020508,"z":-0.00047469581477},"time":4.9,"velocity":{"x":0,"y":-42.19136810302734,"z":-0.00040022243047}},{"delta_velocity":{"x":0,"y":-1.9405517578125,"z":-0.00022366568737},"time":5,"velocity":{"x":0,"y":-40.25081634521484,"z":-0.0001765567431}}]}