{"spin_data":[{"delta_spin":{"x":0,"y":0,"z":0},"spin":{"x":0,"y":0,"z":0},"time":0},{"delta_spin":{"x":0,"y":0,"z":0},"spin":{"x":0,"y":0,"z":0},"time":0.1},{"delta_spin":{"x":0,"y":0,"z":0},"spin":{"x":0,"y":0,"z":0},"time":0.2},{"delta_spin":{"x":0,"y":0,"z":0},"spin":{"x":0,"y":0,"z":0},"time":0.3},{"delta_spin":{"x":0,"y":0,"z":0},"spin":{"x":0,"y":0,"z":0},"time":0.4},{"delta_spin":{"x":0,"y":0,"z":0},"spin":{"x":0,"y":0,"z":0},"time":0.5},{"delta_spin":{"x":0,"y":0,"z":0},"spin":{"x":0,"y":0,"z":0},"time":0.6},{"delta_spin":{"x":0,"y":0,"z":0},"spin":{"x":0,"y":0,"z":0},"time":0.7},{"delta_spin":{"x":0,"y":0,"z":0},"spin":{"x":0,"y":0,"z":0},"time":0.8},{"delta_spin":{"x":0,"y":0,"z":0},"spin":{"x":0,"y":0,"z":0},"time":0.9},{"delta_spin":{"x":0,"y":0,"z":0},"spin":{"x":0,"y":0,"z":0},"time":1},{"delta_spin":{"x":0,"y":0,"z":0},"spin":{"x":0,"y":0,"z":0},"time":1.1},{"delta_spin":{"x":0,"y":0,"z":0},"spin":{"x":0,"y":0,"z":0},"time":1.2},{"delta_spin":{"x":0,"y":0,"z":0},"spin":{"x":0,"y":0,"z":0},"time":1.3},{"delta_spin":{"x":0,"y":0,"z":0},"spin":{"x":0,"y":0,"z":0},"time":1.4},{"delta_spin":{"x":0,"y":0,"z":0},"spin":{"x":0,"y":0,"z":0},"time":1.5},{"delta_spin":{"x":0,"y":0,"z":0},"spin":{"x":0,"y":0,"z":0},"time":1.6},{"delta_spin":{"x":0,"y":0,"z":0},"spin":{"x":0,"y":0,"z":0},"time":1.7},{"delta_spin":{"x":0,"y":0,"z":0},"spin":{"x":0,"y":0,"z":0},"time":1.8},{"delta_spin":{"x":0,"y":0,"z":0},"spin":{"x":0,"y":0,"z":0},"time":1.9},{"delta_spin":{"x":0,"y":0,"z":0},"spin":{"x":0,"y":0,"z":0},"time":2},{"delta_spin":{"x":0,"y":0,"z":0},"spin":{"x":0,"y":0,"z":0},"time":2.1},{"delta_spin":{"x":0,"y":0,"z":0},"spin":{"x":0,"y":0,"z":0},"time":2.2},{"delta_spin":{"x":0,"y":0,"z":0},"spin":{"x":0,"y":0,"z":0},"time":2.3},{"delta_spin":{"x":0,"y":0,"z":0},"spin":{"x":0,"y":0,"z":0},"time":2.4},{"delta_spin":{"x":0,"y":0,"z":0},"spin":{"x":0,"y":0,"z":0},"time":2.5},{"delta_spin":{"x":0,"y":0,"z":0},"spin":{"x":0,"y":0,"z":0},"time":2.6},{"delta_spin":{"x":0,"y":0,"z":0},"spin":{"x":0,"y":0,"z":0},"time":2.7},{"delta_spin":{"x":0,"y":0,"z":0},"spin":{"x":0,"y":0,"z":0},"time":2.8},{"delta_spin":{"x":0,"y":0,"z":0},"spin":{"x":0,"y":0,"z":0},"time":2.9},{"delta_spin":{"x":0,"y":0,"z":0},"spin":{"x":0,"y":0,"z":0},"time":3},{"delta_spin":{"x":0,"y":0,"z":0},"spin":{"x":0,"y":0,"z":0},"time":3.1},{"delta_spin":{"x":0,"y":0,"z":0},"spin":{"x":0,"y":0,"z":0},"time":3.2},{"delta_spin":{"x":0,"y":0,"z":0},"spin":{"x":0,"y":0,"z":0},"time":3.3},{"delta_spin":{"x":0,"y":0,"z":0},"spin":{"x":0,"y":0,"z":0},"time":3.4},{"delta_spin":{"x":0,"y":0,"z":0},"spin":{"x":0,"y":0,"z":0},"time":3.5},{"delta_spin":{"x":0,"y":0,"z":0},"spin":{"x":0,"y":0,"z":0},"time":3.6},{"delta_spin":{"x":0,"y":0,"z":0},"spin":{"x":0,"y":0,"z":0},"time":3.7},{"delta_spin":{"x":0,"y":0,"z":0},"spin":{"x":0,"y":0,"z":0},"time":3.8},{"delta_spin":{"x":0,"y":0,"z":0},"spin":{"x":0,"y":0,"z":0},"time":3.9},{"delta_spin":{"x":0,"y":0,"z":0},"spin":{"x":0,"y":0,"z":0},"time":4},{"delta_spin":{"x":0,"y":0,"z":0},"spin":{"x":0,"y":0,"z":0},"time":4.1},{"delta_spin":{"x":0,"y":0,"z":0},"spin":{"x":0,"y":0,"z":0},"time":4.2},{"delta_spin":{"x":0,"y":0,"z":0},"spin":{"x":0,"y":0,"z":0},"time":4.3},{"delta_spin":{"x":0,"y":0,"z":0},"spin":{"x":0,"y":0,"z":0},"time":4.4},{"delta_spin":{"x":0,"y":0,"z":0},"spin":{"x":0,"y":0,"z":0},"time":4.5},{"delta_spin":{"x":0,"y":0,"z":0},"spin":{"x":0,"y":0,"z":0},"time":4.6},{"delta_spin":{"x":0,"y":0,"z":0},"spin":{"x":0,"y":0,"z":0},"time":4.7},{"delta_spin":{"x":0,"y":0,"z":0},"spin":{"x":0,"y":0,"z":0},"time":4.8},{"delta_spin":{"x":0,"y":0,"z":0},"spin":{"x":0,"y":0,"z":0},"time":4.9},{"delta_spin":{"x":0,"y":0,"z":0},"spin":{"x":0,"y":0,"z":0},"time":5}],"velocity_data":[{"delta_velocity":{"x":0,"y":0,"z":0},"time":0,"velocity":{"x":0,"y":10,"z":-1000}},{"delta_velocity":{"x":0,"y":1.00856685638428,"z":-3.0565185546875},"time":0.1,"velocity":{"x":0,"y":8.99143314361572,"z":-996.9434814453125}},{"delta_velocity":{"x":0,"y":2.04767751693726,"z":-12.15118408203125},"time":0.2,"velocity":{"x":0,"y":6.94375562667847,"z":-984.79229736328125}},{"delta_velocity":{"x":0,"y":3.05137729644775,"z":-26.67730712890625},"time":0.3,"velocity":{"x":0,"y":3.89237833023071,"z":-958.114990234375}},{"delta_velocity":{"x":0,"y":3.922518491745,"z":-44.89129638671875},"time":0.4,"velocity":{"x":0,"y":-0.03014007583261,"z":-913.22369384765625}},{"delta_velocity":{"x":0,"y":4.56062698364258,"z":-63.724609375},"time":0.5,"velocity":{"x":0,"y":-4.59076690673828,"z":-849.49908447265625}},{"delta_velocity":{"x":0,"y":4.90666198730469,"z":-79.40869140625},"time":0.6,"velocity":{"x":0,"y":-9.49742889404297,"z":-770.09039306640625}},{"delta_velocity":{"x":0,"y":4.97925567626953,"z":-88.83502197265625},"time":0.7,"velocity":{"x":0,"y":-14.4766845703125,"z":-681.25537109375}},{"delta_velocity":{"x":0,"y":4.87143707275391,"z":-90.8321533203125},"time":0.8,"velocity":{"x":0,"y":-19.34812164306641,"z":-590.4232177734375}},{"delta_velocity":{"x":0,"y":4.70569229125977,"z":-86.39974975585938},"time":0.9,"velocity":{"x":0,"y":-24.05381393432617,"z":-504.02346801757812}},{"delta_velocity":{"x":0,"y":4.58157157897949,"z":-77.819091796875},"time":1,"velocity":{"x":0,"y":-28.63538551330566,"z":-426.20437622070312}},{"delta_velocity":{"x":0,"y":4.55010032653809,"z":-67.46493530273438},"time":1.1,"velocity":{"x":0,"y":-33.18548583984375,"z":-358.73944091796875}},{"delta_velocity":{"x":0,"y":4.61824417114258,"z":-57.08358764648438},"time":1.2,"velocity":{"x":0,"y":-37.80373001098633,"z":-301.65585327148438}},{"delta_velocity":{"x":0,"y":4.76570892333984,"z":-47.6575927734375},"time":1.3,"velocity":{"x":0,"y":-42.56943893432617,"z":-253.99826049804688}},{"delta_velocity":{"x":0,"y":4.95905303955078,"z":-39.58587646484375},"time":1.4,"velocity":{"x":0,"y":-47.52849197387695,"z":-214.41238403320312}},{"delta_velocity":{"x":0,"y":5.15842437744141,"z":-32.91987609863281},"time":1.5,"velocity":{"x":0,"y":-52.68691635131836,"z":-181.49250793457031}},{"delta_velocity":{"x":0,"y":5.31882858276367,"z":-27.54167175292969},"time":1.6,"velocity":{"x":0,"y":-58.00574493408203,"z":-153.95083618164062}},{"delta_velocity":{"x":0,"y":5.38948822021484,"z":-23.26805114746094},"time":1.7,"velocity":{"x":0,"y":-63.39523315429688,"z":-130.68278503417969}},{"delta_velocity":{"x":0,"y":5.31513977050781,"z":-19.90048980712891},"time":1.8,"velocity":{"x":0,"y":-68.71037292480469,"z":-110.78229522705078}},{"delta_velocity":{"x":0,"y":5.04244232177734,"z":-17.24405670166016},"time":1.9,"velocity":{"x":0,"y":-73.75281524658203,"z":-93.53823852539062}},{"delta_velocity":{"x":0,"y":4.53285217285156,"z":-15.11388397216797},"time":2,"velocity":{"x":0,"y":-78.28566741943359,"z":-78.42435455322266}},{"delta_velocity":{"x":0,"y":3.77903747558594,"z":-13.34104156494141},"time":2.1,"velocity":{"x":0,"y":-82.06470489501953,"z":-65.08331298828125}},{"delta_velocity":{"x":0,"y":2.81731414794922,"z":-11.78298950195312},"time":2.2,"velocity":{"x":0,"y":-84.88201904296875,"z":-53.30032348632812}},{"delta_velocity":{"x":0,"y":1.72726440429688,"z":-10.33599853515625},"time":2.3,"velocity":{"x":0,"y":-86.60928344726562,"z":-42.96432495117188}},{"delta_velocity":{"x":0,"y":0.615524291992188,"z":-8.94305419921875},"time":2.4,"velocity":{"x":0,"y":-87.22480773925781,"z":-34.02127075195312}},{"delta_velocity":{"x":0,"y":-0.41104888916016,"z":-7.59156608581543},"time":2.5,"velocity":{"x":0,"y":-86.81375885009766,"z":-26.4297046661377}},{"delta_velocity":{"x":0,"y":-1.27137756347656,"z":-6.30092239379883},"time":2.6,"velocity":{"x":0,"y":-85.54238128662109,"z":-20.12878227233887}},{"delta_velocity":{"x":0,"y":-1.92471313476562,"z":-5.10484981536865},"time":2.7,"velocity":{"x":0,"y":-83.61766815185547,"z":-15.02393245697021}},{"delta_velocity":{"x":0,"y":-2.37035369873047,"z":-4.03552913665771},"time":2.8,"velocity":{"x":0,"y":-81.247314453125,"z":-10.9884033203125}},{"delta_velocity":{"x":0,"y":-2.63628387451172,"z":-3.11384773254395},"time":2.9,"velocity":{"x":0,"y":-78.61103057861328,"z":-7.87455558776855}},{"delta_velocity":{"x":0,"y":-2.76416015625,"z":-2.34646654129028},"time":3,"velocity":{"x":0,"y":-75.84687042236328,"z":-5.52808904647827}},{"delta_velocity":{"x":0,"y":-2.79673004150391,"z":-1.7276394367218},"time":3.1,"velocity":{"x":0,"y":-73.05014038085938,"z":-3.80044960975647}},{"delta_velocity":{"x":0,"y":-2.77017211914062,"z":-1.24309611320496},"time":3.2,"velocity":{"x":0,"y":-70.27996826171875,"z":-2.55735349655151}},{"delta_velocity":{"x":0,"y":-2.71125793457031,"z":-0.87404036521912},"time":3.3,"velocity":{"x":0,"y":-67.56871032714844,"z":-1.6833131313324}},{"delta_velocity":{"x":0,"y":-2.63773345947266,"z":-0.6003143787384},"time":3.4,"velocity":{"x":0,"y":-64.93097686767578,"z":-1.08299875259399}},{"delta_velocity":{"x":0,"y":-2.56016540527344,"z":-0.40252876281738},"time":3.5,"velocity":{"x":0,"y":-62.37081146240234,"z":-0.68046998977661}},{"delta_velocity":{"x":0,"y":-2.48419570922852,"z":-0.26330980658531},"time":3.6,"velocity":{"x":0,"y":-59.88661575317383,"z":-0.4171601831913}},{"delta_velocity":{"x":0,"y":-2.41239547729492,"z":-0.1678874194622},"time":3.7,"velocity":{"x":0,"y":-57.47422027587891,"z":-0.2492727637291}},{"delta_velocity":{"x":0,"y":-2.34561920166016,"z":-0.1042412519455},"time":3.8,"velocity":{"x":0,"y":-55.12860107421875,"z":-0.1450315117836}},{"delta_velocity":{"x":0,"y":-2.28390121459961,"z":-0.06296337395906},"time":3.9,"velocity":{"x":0,"y":-52.84469985961914,"z":-0.08206813782454}},{"delta_velocity":{"x":0,"y":-2.22691345214844,"z":-0.03695633262396},"time":4,"velocity":{"x":0,"y":-50.6177864074707,"z":-0.04511180520058}},{"delta_velocity":{"x":0,"y":-2.17424011230469,"z":-0.02105406485498},"time":4.1,"velocity":{"x":0,"y":-48.44354629516602,"z":-0.0240577403456}},{"delta_velocity":{"x":0,"y":-2.12540435791016,"z":-0.01162756420672},"time":4.2,"velocity":{"x":0,"y":-46.31814193725586,"z":-0.01243017613888}},{"delta_velocity":{"x":0,"y":-2.08005523681641,"z":-0.00621684081852},"time":4.3,"velocity":{"x":0,"y":-44.23808670043945,"z":-0.00621333532035}},{"delta_velocity":{"x":0,"y":-2.03778839111328,"z":-0.00321335415356},"time":4.4,"velocity":{"x":0,"y":-42.20029830932617,"z":-0.00299998116679}},{"delta_velocity":{"x":0,"y":-1.99834442138672,"z":-0.00160320440773},"time":4.5,"velocity":{"x":0,"y":-40.20195388793945,"z":-0.00139677675907}},{"delta_velocity":{"x":0,"y":-1.96142578125,"z":-0.00077079812763},"time":4.6,"velocity":{"x":0,"y":-38.24052810668945,"z":-0.00062597863143}},{"delta_velocity":{"x":0,"y":-1.92681121826172,"z":-0.00035647916957},"time":4.7,"velocity":{"x":0,"y":-36.31371688842773,"z":-0.00026949946187}},{"delta_velocity":{"x":0,"y":-1.89429473876953,"z":-0.00015827856259},"time":4.8,"velocity":{"x":0,"y":-34.4194221496582,"z":-0.00011122089927}},{"delta_velocity":{"x":0,"y":-1.86367034912109,"z":-0.00006732527982},"time":4.9,"velocity":{"x":0,"y":-32.55575180053711,"z":-0.00004389561946}},{"delta_velocity":{"x":0,"y":-1.83481597900391,"z":-0.00002737087016},"time":5,"velocity":{"x":0,"y":-30.7209358215332,"z":-0.0000165247493}}]}