{"spin_data":[{"delta_spin":{"x":0,"y":0,"z":0},"spin":{"x":0,"y":0,"z":0},"time":0},{"delta_spin":{"x":0,"y":0,"z":0},"spin":{"x":0,"y":0,"z":0},"time":0.1},{"delta_spin":{"x":0,"y":0,"z":0},"spin":{"x":0,"y":0,"z":0},"time":0.2},{"delta_spin":{"x":0,"y":0,"z":0},"spin":{"x":0,"y":0,"z":0},"time":0.3},{"delta_spin":{"x":0,"y":0,"z":0},"spin":{"x":0,"y":0,"z":0},"time":0.4},{"delta_spin":{"x":0,"y":0,"z":0},"spin":{"x":0,"y":0,"z":0},"time":0.5},{"delta_spin":{"x":0,"y":0,"z":0},"spin":{"x":0,"y":0,"z":0},"time":0.6},{"delta_spin":{"x":0,"y":0,"z":0},"spin":{"x":0,"y":0,"z":0},"time":0.7},{"delta_spin":{"x":0,"y":0,"z":0},"spin":{"x":0,"y":0,"z":0},"time":0.8},{"delta_spin":{"x":0,"y":0,"z":0},"spin":{"x":0,"y":0,"z":0},"time":0.9},{"delta_spin":{"x":0,"y":0,"z":0},"spin":{"x":0,"y":0,"z":0},"time":1},{"delta_spin":{"x":0,"y":0,"z":0},"spin":{"x":0,"y":0,"z":0},"time":1.1},{"delta_spin":{"x":0,"y":0,"z":0},"spin":{"x":0,"y":0,"z":0},"time":1.2},{"delta_spin":{"x":0,"y":0,"z":0},"spin":{"x":0,"y":0,"z":0},"time":1.3},{"delta_spin":{"x":0,"y":0,"z":0},"spin":{"x":0,"y":0,"z":0},"time":1.4},{"delta_spin":{"x":0,"y":0,"z":0},"spin":{"x":0,"y":0,"z":0},"time":1.5},{"delta_spin":{"x":0,"y":0,"z":0},"spin":{"x":0,"y":0,"z":0},"time":1.6},{"delta_spin":{"x":0,"y":0,"z":0},"spin":{"x":0,"y":0,"z":0},"time":1.7},{"delta_spin":{"x":0,"y":0,"z":0},"spin":{"x":0,"y":0,"z":0},"time":1.8},{"delta_spin":{"x":0,"y":0,"z":0},"spin":{"x":0,"y":0,"z":0},"time":1.9},{"delta_spin":{"x":0,"y":0,"z":0},"spin":{"x":0,"y":0,"z":0},"time":2},{"delta_spin":{"x":0,"y":0,"z":0},"spin":{"x":0,"y":0,"z":0},"time":2.1},{"delta_spin":{"x":0,"y":0,"z":0},"spin":{"x":0,"y":0,"z":0},"time":2.2},{"delta_spin":{"x":0,"y":0,"z":0},"spin":{"x":0,"y":0,"z":0},"time":2.3},{"delta_spin":{"x":0,"y":0,"z":0},"spin":{"x":0,"y":0,"z":0},"time":2.4},{"delta_spin":{"x":0,"y":0,"z":0},"spin":{"x":0,"y":0,"z":0},"time":2.5},{"delta_spin":{"x":0,"y":0,"z":0},"spin":{"x":0,"y":0,"z":0},"time":2.6},{"delta_spin":{"x":0,"y":0,"z":0},"spin":{"x":0,"y":0,"z":0},"time":2.7},{"delta_spin":{"x":0,"y":0,"z":0},"spin":{"x":0,"y":0,"z":0},"time":2.8},{"delta_spin":{"x":0,"y":0,"z":0},"spin":{"x":0,"y":0,"z":0},"time":2.9},{"delta_spin":{"x":0,"y":0,"z":0},"spin":{"x":0,"y":0,"z":0},"time":3},{"delta_spin":{"x":0,"y":0,"z":0},"spin":{"x":0,"y":0,"z":0},"time":3.1},{"delta_spin":{"x":0,"y":0,"z":0},"spin":{"x":0,"y":0,"z":0},"time":3.2},{"delta_spin":{"x":0,"y":0,"z":0},"spin":{"x":0,"y":0,"z":0},"time":3.3},{"delta_spin":{"x":0,"y":0,"z":0},"spin":{"x":0,"y":0,"z":0},"time":3.4},{"delta_spin":{"x":0,"y":0,"z":0},"spin":{"x":0,"y":0,"z":0},"time":3.5},{"delta_spin":{"x":0,"y":0,"z":0},"spin":{"x":0,"y":0,"z":0},"time":3.6},{"delta_spin":{"x":0,"y":0,"z":0},"spin":{"x":0,"y":0,"z":0},"time":3.7},{"delta_spin":{"x":0,"y":0,"z":0},"spin":{"x":0,"y":0,"z":0},"time":3.8},{"delta_spin":{"x":0,"y":0,"z":0},"spin":{"x":0,"y":0,"z":0},"time":3.9},{"delta_spin":{"x":0,"y":0,"z":0},"spin":{"x":0,"y":0,"z":0},"time":4},{"delta_spin":{"x":0,"y":0,"z":0},"spin":{"x":0,"y":0,"z":0},"time":4.1},{"delta_spin":{"x":0,"y":0,"z":0},"spin":{"x":0,"y":0,"z":0},"time":4.2},{"delta_spin":{"x":0,"y":0,"z":0},"spin":{"x":0,"y":0,"z":0},"time":4.3},{"delta_spin":{"x":0,"y":0,"z":0},"spin":{"x":0,"y":0,"z":0},"time":4.4},{"delta_spin":{"x":0,"y":0,"z":0},"spin":{"x":0,"y":0,"z":0},"time":4.5},{"delta_spin":{"x":0,"y":0,"z":0},"spin":{"x":0,"y":0,"z":0},"time":4.6},{"delta_spin":{"x":0,"y":0,"z":0},"spin":{"x":0,"y":0,"z":0},"time":4.7},{"delta_spin":{"x":0,"y":0,"z":0},"spin":{"x":0,"y":0,"z":0},"time":4.8},{"delta_spin":{"x":0,"y":0,"z":0},"spin":{"x":0,"y":0,"z":0},"time":4.9},{"delta_spin":{"x":0,"y":0,"z":0},"spin":{"x":0,"y":0,"z":0},"time":5}],"velocity_data":[{"delta_velocity":{"x":0,"y":0,"z":0},"time":0,"velocity":{"x":0,"y":15,"z":-1000}},{"delta_velocity":{"x":0,"y":0.982288360595703,"z":-0.09185791015625},"time":0.1,"velocity":{"x":0,"y":14.0177116394043,"z":-999.90814208984375}},{"delta_velocity":{"x":0,"y":1.9664306640625,"z":-0.367431640625},"time":0.2,"velocity":{"x":0,"y":12.0512809753418,"z":-999.54071044921875}},{"delta_velocity":{"x":0,"y":2.95052814483643,"z":-0.826171875},"time":0.3,"velocity":{"x":0,"y":9.10075283050537,"z":-998.71453857421875}},{"delta_velocity":{"x":0,"y":3.93160009384155,"z":-1.46624755859375},"time":0.4,"velocity":{"x":0,"y":5.16915273666382,"z":-997.248291015625}},{"delta_velocity":{"x":0,"y":4.90560483932495,"z":-2.28424072265625},"time":0.5,"velocity":{"x":0,"y":0.26354768872261,"z":-994.96405029296875}},{"delta_velocity":{"x":0,"y":5.86749744415283,"z":-3.27435302734375},"time":0.6,"velocity":{"x":0,"y":-5.60394954681396,"z":-991.689697265625}},{"delta_velocity":{"x":0,"y":6.81131935119629,"z":-4.427734375},"time":0.7,"velocity":{"x":0,"y":-12.41526889801025,"z":-987.261962890625}},{"delta_velocity":{"x":0,"y":7.73034572601318,"z":-5.73236083984375},"time":0.8,"velocity":{"x":0,"y":-20.14561462402344,"z":-981.52960205078125}},{"delta_velocity":{"x":0,"y":8.61726570129395,"z":-7.172607421875},"time":0.9,"velocity":{"x":0,"y":-28.76288032531738,"z":-974.35699462890625}},{"delta_velocity":{"x":0,"y":9.46442985534668,"z":-8.72918701171875},"time":1,"velocity":{"x":0,"y":-38.22731018066406,"z":-965.6278076171875}},{"delta_velocity":{"x":0,"y":10.2641220092773,"z":-10.379150390625},"time":1.1,"velocity":{"x":0,"y":-48.49143218994141,"z":-955.2486572265625}},{"delta_velocity":{"x":0,"y":11.0088806152344,"z":-12.09637451171875},"time":1.2,"velocity":{"x":0,"y":-59.50031280517578,"z":-943.15228271484375}},{"delta_velocity":{"x":0,"y":11.6918029785156,"z":-13.8521728515625},"time":1.3,"velocity":{"x":0,"y":-71.19211578369141,"z":-929.30010986328125}},{"delta_velocity":{"x":0,"y":12.3068923950195,"z":-15.61602783203125},"time":1.4,"velocity":{"x":0,"y":-83.49900817871094,"z":-913.68408203125}},{"delta_velocity":{"x":0,"y":12.8492889404297,"z":-17.356689453125},"time":1.5,"velocity":{"x":0,"y":-96.34829711914062,"z":-896.327392578125}},{"delta_velocity":{"x":0,"y":13.3155364990234,"z":-19.0430908203125},"time":1.6,"velocity":{"x":0,"y":-109.66383361816406,"z":-877.2843017578125}},{"delta_velocity":{"x":0,"y":13.7037124633789,"z":-20.6458740234375},"time":1.7,"velocity":{"x":0,"y":-123.36754608154297,"z":-856.638427734375}},{"delta_velocity":{"x":0,"y":14.0134353637695,"z":-22.1383056640625},"time":1.8,"velocity":{"x":0,"y":-137.3809814453125,"z":-834.5001220703125}},{"delta_velocity":{"x":0,"y":14.2458953857422,"z":-23.497314453125},"time":1.9,"velocity":{"x":0,"y":-151.62687683105469,"z":-811.0028076171875}},{"delta_velocity":{"x":0,"y":14.4035491943359,"z":-24.70440673828125},"time":2,"velocity":{"x":0,"y":-166.03042602539062,"z":-786.29840087890625}},{"delta_velocity":{"x":0,"y":14.4900360107422,"z":-25.74615478515625},"time":2.1,"velocity":{"x":0,"y":-180.52046203613281,"z":-760.55224609375}},{"delta_velocity":{"x":0,"y":14.5097198486328,"z":-26.61444091796875},"time":2.2,"velocity":{"x":0,"y":-195.03018188476562,"z":-733.93780517578125}},{"delta_velocity":{"x":0,"y":14.4673614501953,"z":-27.30645751953125},"time":2.3,"velocity":{"x":0,"y":-209.49754333496094,"z":-706.63134765625}},{"delta_velocity":{"x":0,"y":14.3677520751953,"z":-27.8243408203125},"time":2.4,"velocity":{"x":0,"y":-223.86529541015625,"z":-678.8070068359375}},{"delta_velocity":{"x":0,"y":14.2153015136719,"z":-28.174560546875},"time":2.5,"velocity":{"x":0,"y":-238.08059692382812,"z":-650.6324462890625}},{"delta_velocity":{"x":0,"y":14.0138244628906,"z":-28.36712646484375},"time":2.6,"velocity":{"x":0,"y":-252.09442138671875,"z":-622.26531982421875}},{"delta_velocity":{"x":0,"y":13.7660217285156,"z":-28.41473388671875},"time":2.7,"velocity":{"x":0,"y":-265.86044311523438,"z":-593.8505859375}},{"delta_velocity":{"x":0,"y":13.4736938476562,"z":-28.331787109375},"time":2.8,"velocity":{"x":0,"y":-279.33413696289062,"z":-565.518798828125}},{"delta_velocity":{"x":0,"y":13.1373291015625,"z":-28.133544921875},"time":2.9,"velocity":{"x":0,"y":-292.47146606445312,"z":-537.38525390625}},{"delta_velocity":{"x":0,"y":12.7564086914062,"z":-27.83505249023438},"time":3,"velocity":{"x":0,"y":-305.22787475585938,"z":-509.55020141601562}},{"delta_velocity":{"x":0,"y":12.3294372558594,"z":-27.4505615234375},"time":3.1,"velocity":{"x":0,"y":-317.55731201171875,"z":-482.09963989257812}},{"delta_velocity":{"x":0,"y":11.8542175292969,"z":-26.992919921875},"time":3.2,"velocity":{"x":0,"y":-329.41152954101562,"z":-455.10671997070312}},{"delta_velocity":{"x":0,"y":11.3283996582031,"z":-26.4730224609375},"time":3.3,"velocity":{"x":0,"y":-340.73992919921875,"z":-428.63369750976562}},{"delta_velocity":{"x":0,"y":10.7497863769531,"z":-25.89971923828125},"time":3.4,"velocity":{"x":0,"y":-351.48971557617188,"z":-402.73397827148438}},{"delta_velocity":{"x":0,"y":10.1167602539062,"z":-25.27963256835938},"time":3.5,"velocity":{"x":0,"y":-361.60647583007812,"z":-377.454345703125}},{"delta_velocity":{"x":0,"y":9.428955078125,"z":-24.61734008789062},"time":3.6,"velocity":{"x":0,"y":-371.03543090820312,"z":-352.83700561523438}},{"delta_velocity":{"x":0,"y":8.6875,"z":-23.91571044921875},"time":3.7,"velocity":{"x":0,"y":-379.72293090820312,"z":-328.92129516601562}},{"delta_velocity":{"x":0,"y":7.8956298828125,"z":-23.17617797851562},"time":3.8,"velocity":{"x":0,"y":-387.61856079101562,"z":-305.7451171875}},{"delta_velocity":{"x":0,"y":7.05856323242188,"z":-22.39935302734375},"time":3.9,"velocity":{"x":0,"y":-394.6771240234375,"z":-283.34576416015625}},{"delta_velocity":{"x":0,"y":6.18386840820312,"z":-21.58547973632812},"time":4,"velocity":{"x":0,"y":-400.86099243164062,"z":-261.76028442382812}},{"delta_velocity":{"x":0,"y":5.2811279296875,"z":-20.73509216308594},"time":4.1,"velocity":{"x":0,"y":-406.14212036132812,"z":-241.02519226074219}},{"delta_velocity":{"x":0,"y":4.36160278320312,"z":-19.84928894042969},"time":4.2,"velocity":{"x":0,"y":-410.50372314453125,"z":-221.1759033203125}},{"delta_velocity":{"x":0,"y":3.43801879882812,"z":-18.93022155761719},"time":4.3,"velocity":{"x":0,"y":-413.94174194335938,"z":-202.24568176269531}},{"delta_velocity":{"x":0,"y":2.52359008789062,"z":-17.98129272460938},"time":4.4,"velocity":{"x":0,"y":-416.46533203125,"z":-184.26438903808594}},{"delta_velocity":{"x":0,"y":1.63165283203125,"z":-17.0072021484375},"time":4.5,"velocity":{"x":0,"y":-418.09698486328125,"z":-167.25718688964844}},{"delta_velocity":{"x":0,"y":0.774932861328125,"z":-16.01396179199219},"time":4.6,"velocity":{"x":0,"y":-418.87191772460938,"z":-151.24322509765625}},{"delta_velocity":{"x":0,"y":-0.03515625,"z":-15.00860595703125},"time":4.7,"velocity":{"x":0,"y":-418.83676147460938,"z":-136.234619140625}},{"delta_velocity":{"x":0,"y":-0.788818359375,"z":-13.99900054931641},"time":4.8,"velocity":{"x":0,"y":-418.04794311523438,"z":-122.23561859130859}},{"delta_velocity":{"x":0,"y":-1.47848510742188,"z":-12.99345397949219},"time":4.9,"velocity":{"x":0,"y":-416.5694580078125,"z":-109.24216461181641}},{"delta_velocity":{"x":0,"y":-2.0987548828125,"z":-12.00035858154297},"time":5,"velocity":{"x":0,"y":-414.470703125,"z":-97.24180603027344}}]}