{"spin_data":[{"delta_spin":{"x":0,"y":0,"z":0},"spin":{"x":0,"y":0,"z":0},"time":0},{"delta_spin":{"x":0,"y":0,"z":0},"spin":{"x":0,"y":0,"z":0},"time":0.1},{"delta_spin":{"x":0,"y":0,"z":0},"spin":{"x":0,"y":0,"z":0},"time":0.2},{"delta_spin":{"x":0,"y":0,"z":0},"spin":{"x":0,"y":0,"z":0},"time":0.3},{"delta_spin":{"x":0,"y":0,"z":0},"spin":{"x":0,"y":0,"z":0},"time":0.4},{"delta_spin":{"x":0,"y":0,"z":0},"spin":{"x":0,"y":0,"z":0},"time":0.5},{"delta_spin":{"x":0,"y":0,"z":0},"spin":{"x":0,"y":0,"z":0},"time":0.6},{"delta_spin":{"x":0,"y":0,"z":0},"spin":{"x":0,"y":0,"z":0},"time":0.7},{"delta_spin":{"x":0,"y":0,"z":0},"spin":{"x":0,"y":0,"z":0},"time":0.8},{"delta_spin":{"x":0,"y":0,"z":0},"spin":{"x":0,"y":0,"z":0},"time":0.9},{"delta_spin":{"x":0,"y":0,"z":0},"spin":{"x":0,"y":0,"z":0},"time":1},{"delta_spin":{"x":0,"y":0,"z":0},"spin":{"x":0,"y":0,"z":0},"time":1.1},{"delta_spin":{"x":0,"y":0,"z":0},"spin":{"x":0,"y":0,"z":0},"time":1.2},{"delta_spin":{"x":0,"y":0,"z":0},"spin":{"x":0,"y":0,"z":0},"time":1.3},{"delta_spin":{"x":0,"y":0,"z":0},"spin":{"x":0,"y":0,"z":0},"time":1.4},{"delta_spin":{"x":0,"y":0,"z":0},"spin":{"x":0,"y":0,"z":0},"time":1.5},{"delta_spin":{"x":0,"y":0,"z":0},"spin":{"x":0,"y":0,"z":0},"time":1.6},{"delta_spin":{"x":0,"y":0,"z":0},"spin":{"x":0,"y":0,"z":0},"time":1.7},{"delta_spin":{"x":0,"y":0,"z":0},"spin":{"x":0,"y":0,"z":0},"time":1.8},{"delta_spin":{"x":0,"y":0,"z":0},"spin":{"x":0,"y":0,"z":0},"time":1.9},{"delta_spin":{"x":0,"y":0,"z":0},"spin":{"x":0,"y":0,"z":0},"time":2},{"delta_spin":{"x":0,"y":0,"z":0},"spin":{"x":0,"y":0,"z":0},"time":2.1},{"delta_spin":{"x":0,"y":0,"z":0},"spin":{"x":0,"y":0,"z":0},"time":2.2},{"delta_spin":{"x":0,"y":0,"z":0},"spin":{"x":0,"y":0,"z":0},"time":2.3},{"delta_spin":{"x":0,"y":0,"z":0},"spin":{"x":0,"y":0,"z":0},"time":2.4},{"delta_spin":{"x":0,"y":0,"z":0},"spin":{"x":0,"y":0,"z":0},"time":2.5},{"delta_spin":{"x":0,"y":0,"z":0},"spin":{"x":0,"y":0,"z":0},"time":2.6},{"delta_spin":{"x":0,"y":0,"z":0},"spin":{"x":0,"y":0,"z":0},"time":2.7},{"delta_spin":{"x":0,"y":0,"z":0},"spin":{"x":0,"y":0,"z":0},"time":2.8},{"delta_spin":{"x":0,"y":0,"z":0},"spin":{"x":0,"y":0,"z":0},"time":2.9},{"delta_spin":{"x":0,"y":0,"z":0},"spin":{"x":0,"y":0,"z":0},"time":3},{"delta_spin":{"x":0,"y":0,"z":0},"spin":{"x":0,"y":0,"z":0},"time":3.1},{"delta_spin":{"x":0,"y":0,"z":0},"spin":{"x":0,"y":0,"z":0},"time":3.2},{"delta_spin":{"x":0,"y":0,"z":0},"spin":{"x":0,"y":0,"z":0},"time":3.3},{"delta_spin":{"x":0,"y":0,"z":0},"spin":{"x":0,"y":0,"z":0},"time":3.4},{"delta_spin":{"x":0,"y":0,"z":0},"spin":{"x":0,"y":0,"z":0},"time":3.5},{"delta_spin":{"x":0,"y":0,"z":0},"spin":{"x":0,"y":0,"z":0},"time":3.6},{"delta_spin":{"x":0,"y":0,"z":0},"spin":{"x":0,"y":0,"z":0},"time":3.7},{"delta_spin":{"x":0,"y":0,"z":0},"spin":{"x":0,"y":0,"z":0},"time":3.8},{"delta_spin":{"x":0,"y":0,"z":0},"spin":{"x":0,"y":0,"z":0},"time":3.9},{"delta_spin":{"x":0,"y":0,"z":0},"spin":{"x":0,"y":0,"z":0},"time":4},{"delta_spin":{"x":0,"y":0,"z":0},"spin":{"x":0,"y":0,"z":0},"time":4.1},{"delta_spin":{"x":0,"y":0,"z":0},"spin":{"x":0,"y":0,"z":0},"time":4.2},{"delta_spin":{"x":0,"y":0,"z":0},"spin":{"x":0,"y":0,"z":0},"time":4.3},{"delta_spin":{"x":0,"y":0,"z":0},"spin":{"x":0,"y":0,"z":0},"time":4.4},{"delta_spin":{"x":0,"y":0,"z":0},"spin":{"x":0,"y":0,"z":0},"time":4.5},{"delta_spin":{"x":0,"y":0,"z":0},"spin":{"x":0,"y":0,"z":0},"time":4.6},{"delta_spin":{"x":0,"y":0,"z":0},"spin":{"x":0,"y":0,"z":0},"time":4.7},{"delta_spin":{"x":0,"y":0,"z":0},"spin":{"x":0,"y":0,"z":0},"time":4.8},{"delta_spin":{"x":0,"y":0,"z":0},"spin":{"x":0,"y":0,"z":0},"time":4.9},{"delta_spin":{"x":0,"y":0,"z":0},"spin":{"x":0,"y":0,"z":0},"time":5}],"velocity_data":[{"delta_velocity":{"x":0,"y":0,"z":0},"time":0,"velocity":{"x":0,"y":10,"z":-1000}},{"delta_velocity":{"x":0,"y":1.00917434692383,"z":-3.1239013671875},"time":0.1,"velocity":{"x":0,"y":8.99082565307617,"z":-996.8760986328125}},{"delta_velocity":{"x":0,"y":2.04955291748047,"z":-12.4173583984375},"time":0.2,"velocity":{"x":0,"y":6.9412727355957,"z":-984.458740234375}},{"delta_velocity":{"x":0,"y":3.05366039276123,"z":-27.2469482421875},"time":0.3,"velocity":{"x":0,"y":3.88761234283447,"z":-957.2117919921875}},{"delta_velocity":{"x":0,"y":3.92225909233093,"z":-45.79437255859375},"time":0.4,"velocity":{"x":0,"y":-0.03464681655169,"z":-911.41741943359375}},{"delta_velocity":{"x":0,"y":4.55341053009033,"z":-64.87200927734375},"time":0.5,"velocity":{"x":0,"y":-4.58805751800537,"z":-846.54541015625}},{"delta_velocity":{"x":0,"y":4.8888111114502,"z":-80.5958251953125},"time":0.6,"velocity":{"x":0,"y":-9.47686862945557,"z":-765.9495849609375}},{"delta_velocity":{"x":0,"y":4.95042324066162,"z":-89.8197021484375},"time":0.7,"velocity":{"x":0,"y":-14.42729187011719,"z":-676.1298828125}},{"delta_velocity":{"x":0,"y":4.83537292480469,"z":-91.443359375},"time":0.8,"velocity":{"x":0,"y":-19.26266479492188,"z":-584.6865234375}},{"delta_velocity":{"x":0,"y":4.66833686828613,"z":-86.59805297851562},"time":0.9,"velocity":{"x":0,"y":-23.93100166320801,"z":-498.08847045898438}},{"delta_velocity":{"x":0,"y":4.54819297790527,"z":-77.67538452148438},"time":1,"velocity":{"x":0,"y":-28.47919464111328,"z":-420.4130859375}},{"delta_velocity":{"x":0,"y":4.52360153198242,"z":-67.09661865234375},"time":1.1,"velocity":{"x":0,"y":-33.0027961730957,"z":-353.31646728515625}},{"delta_velocity":{"x":0,"y":4.59907913208008,"z":-56.60125732421875},"time":1.2,"velocity":{"x":0,"y":-37.60187530517578,"z":-296.7152099609375}},{"delta_velocity":{"x":0,"y":4.75263214111328,"z":-47.14201354980469},"time":1.3,"velocity":{"x":0,"y":-42.35450744628906,"z":-249.57319641113281}},{"delta_velocity":{"x":0,"y":4.94977188110352,"z":-39.08657836914062},"time":1.4,"velocity":{"x":0,"y":-47.30427932739258,"z":-210.48661804199219}},{"delta_velocity":{"x":0,"y":5.14992904663086,"z":-32.46279907226562},"time":1.5,"velocity":{"x":0,"y":-52.45420837402344,"z":-178.02381896972656}},{"delta_velocity":{"x":0,"y":5.30738830566406,"z":-27.13742065429688},"time":1.6,"velocity":{"x":0,"y":-57.7615966796875,"z":-150.88639831542969}},{"delta_velocity":{"x":0,"y":5.37057495117188,"z":-22.91802978515625},"time":1.7,"velocity":{"x":0,"y":-63.13217163085938,"z":-127.96836853027344}},{"delta_velocity":{"x":0,"y":5.28355407714844,"z":-19.60061645507812},"time":1.8,"velocity":{"x":0,"y":-68.41572570800781,"z":-108.36775207519531}},{"delta_velocity":{"x":0,"y":4.99308013916016,"z":-16.98676300048828},"time":1.9,"velocity":{"x":0,"y":-73.40880584716797,"z":-91.38098907470703}},{"delta_velocity":{"x":0,"y":4.46206665039062,"z":-14.88944244384766},"time":2,"velocity":{"x":0,"y":-77.87087249755859,"z":-76.49154663085938}},{"delta_velocity":{"x":0,"y":3.68647766113281,"z":-13.13895416259766},"time":2.1,"velocity":{"x":0,"y":-81.55735015869141,"z":-63.35259246826172}},{"delta_velocity":{"x":0,"y":2.70713806152344,"z":-11.59374618530273},"time":2.2,"velocity":{"x":0,"y":-84.26448822021484,"z":-51.75884628295898}},{"delta_velocity":{"x":0,"y":1.60802459716797,"z":-10.15287017822266},"time":2.3,"velocity":{"x":0,"y":-85.87251281738281,"z":-41.60597610473633}},{"delta_velocity":{"x":0,"y":0.498298645019531,"z":-8.76320266723633},"time":2.4,"velocity":{"x":0,"y":-86.37081146240234,"z":-32.8427734375}},{"delta_velocity":{"x":0,"y":-0.51551055908203,"z":-7.41596794128418},"time":2.5,"velocity":{"x":0,"y":-85.85530090332031,"z":-25.42680549621582}},{"delta_velocity":{"x":0,"y":-1.35529327392578,"z":-6.1331615447998},"time":2.6,"velocity":{"x":0,"y":-84.50000762939453,"z":-19.29364395141602}},{"delta_velocity":{"x":0,"y":-1.98467254638672,"z":-4.94942855834961},"time":2.7,"velocity":{"x":0,"y":-82.51533508300781,"z":-14.34421539306641}},{"delta_velocity":{"x":0,"y":-2.40705108642578,"z":-3.89635562896729},"time":2.8,"velocity":{"x":0,"y":-80.10828399658203,"z":-10.44785976409912}},{"delta_velocity":{"x":0,"y":-2.65328979492188,"z":-2.99337196350098},"time":2.9,"velocity":{"x":0,"y":-77.45499420166016,"z":-7.45448780059814}},{"delta_velocity":{"x":0,"y":-2.76629638671875,"z":-2.2454686164856},"time":3,"velocity":{"x":0,"y":-74.68869781494141,"z":-5.20901918411255}},{"delta_velocity":{"x":0,"y":-2.78879547119141,"z":-1.64546966552734},"time":3.1,"velocity":{"x":0,"y":-71.89990234375,"z":-3.56354951858521}},{"delta_velocity":{"x":0,"y":-2.75614929199219,"z":-1.17810392379761},"time":3.2,"velocity":{"x":0,"y":-69.14375305175781,"z":-2.3854455947876}},{"delta_velocity":{"x":0,"y":-2.69406127929688,"z":-0.82400763034821},"time":3.3,"velocity":{"x":0,"y":-66.44969177246094,"z":-1.56143796443939}},{"delta_velocity":{"x":0,"y":-2.61932373046875,"z":-0.56280589103699},"time":3.4,"velocity":{"x":0,"y":-63.83036804199219,"z":-0.9986320734024}},{"delta_velocity":{"x":0,"y":-2.54164886474609,"z":-0.37514454126358},"time":3.5,"velocity":{"x":0,"y":-61.28871917724609,"z":-0.62348753213882}},{"delta_velocity":{"x":0,"y":-2.4661750793457,"z":-0.24384641647339},"time":3.6,"velocity":{"x":0,"y":-58.82254409790039,"z":-0.37964111566544}},{"delta_velocity":{"x":0,"y":-2.39513778686523,"z":-0.15442804992199},"time":3.7,"velocity":{"x":0,"y":-56.42740631103516,"z":-0.22521306574345}},{"delta_velocity":{"x":0,"y":-2.32918930053711,"z":-0.09519253671169},"time":3.8,"velocity":{"x":0,"y":-54.09821701049805,"z":-0.13002052903175}},{"delta_velocity":{"x":0,"y":-2.26829528808594,"z":-0.05705434083939},"time":3.9,"velocity":{"x":0,"y":-51.82992172241211,"z":-0.07296618819237}},{"delta_velocity":{"x":0,"y":-2.21208190917969,"z":-0.03321184590459},"time":4,"velocity":{"x":0,"y":-49.61783981323242,"z":-0.03975434228778}},{"delta_velocity":{"x":0,"y":-2.16010665893555,"z":-0.01875394955277},"time":4.1,"velocity":{"x":0,"y":-47.45773315429688,"z":-0.021000392735}},{"delta_velocity":{"x":0,"y":-2.11194229125977,"z":-0.01025956030935},"time":4.2,"velocity":{"x":0,"y":-45.34579086303711,"z":-0.01074083242565}},{"delta_velocity":{"x":0,"y":-2.06718444824219,"z":-0.00543002830818},"time":4.3,"velocity":{"x":0,"y":-43.27860641479492,"z":-0.00531080411747}},{"delta_velocity":{"x":0,"y":-2.02548217773438,"z":-0.00277632148936},"time":4.4,"velocity":{"x":0,"y":-41.25312423706055,"z":-0.00253448262811}},{"delta_velocity":{"x":0,"y":-1.98654174804688,"z":-0.0013691119384},"time":4.5,"velocity":{"x":0,"y":-39.26658248901367,"z":-0.00116537068971}},{"delta_velocity":{"x":0,"y":-1.95009994506836,"z":-0.00065007025842},"time":4.6,"velocity":{"x":0,"y":-37.31648254394531,"z":-0.00051530043129}},{"delta_velocity":{"x":0,"y":-1.91592788696289,"z":-0.00029663389432},"time":4.7,"velocity":{"x":0,"y":-35.40055465698242,"z":-0.00021866653697}},{"delta_velocity":{"x":0,"y":-1.88381195068359,"z":-0.00012981797045},"time":4.8,"velocity":{"x":0,"y":-33.51674270629883,"z":-0.00008884856652}},{"delta_velocity":{"x":0,"y":-1.85357666015625,"z":-0.00005436672291},"time":4.9,"velocity":{"x":0,"y":-31.66316604614258,"z":-0.00003448184361}},{"delta_velocity":{"x":0,"y":-1.8250732421875,"z":-0.00002173457506},"time":5,"velocity":{"x":0,"y":-29.83809280395508,"z":-0.00001274726856}}]}